frame_id,character,category,pose_label,tentative_sequence,body_bbox_xyxy,body_width,body_height,body_area,height_ratio_to_canonical,width_ratio_to_canonical,uniform_scale_factor_applied,resampled,scale_review,scale_note,candidate_file
P-R01-C01,poko,IDLE,front_idle,idle_front,"[2, 2, 46, 51]",44,49,1713,1.0426,1.0732,1.0,False,within_canonical_band,Perceived body scale is consistent; no resampling required.,characters/poko/detection_candidates/P001_row01_slot01.png
P-R01-C02,poko,IDLE,front_idle,idle_front,"[2, 2, 45, 51]",43,49,1694,1.0426,1.0488,1.0,False,within_canonical_band,Perceived body scale is consistent; no resampling required.,characters/poko/detection_candidates/P002_row01_slot02.png
P-R01-C03,poko,IDLE,front_idle,idle_front,"[2, 2, 46, 51]",44,49,1699,1.0426,1.0732,1.0,False,within_canonical_band,Perceived body scale is consistent; no resampling required.,characters/poko/detection_candidates/P003_row01_slot03.png
P-R01-C04,poko,IDLE,blink_eyes_closed,idle_blink,"[2, 2, 45, 51]",43,49,1651,1.0426,1.0488,1.0,False,within_canonical_band,Perceived body scale is consistent; no resampling required.,characters/poko/detection_candidates/P004_row01_slot04.png
P-R01-C05,poko,IDLE,blink_eyes_closed,idle_blink,"[2, 2, 45, 52]",43,50,1650,1.0638,1.0488,1.0,False,within_canonical_band,Perceived body scale is consistent; no resampling required.,characters/poko/detection_candidates/P005_row01_slot05.png
P-R01-C06,poko,IDLE,front_idle_look,idle_look,"[2, 2, 46, 51]",44,49,1696,1.0426,1.0732,1.0,False,within_canonical_band,Perceived body scale is consistent; no resampling required.,characters/poko/detection_candidates/P006_row01_slot06.png
P-R01-C07,poko,IDLE,front_idle_look,idle_look,"[2, 2, 45, 51]",43,49,1621,1.0426,1.0488,1.0,False,within_canonical_band,Perceived body scale is consistent; no resampling required.,characters/poko/detection_candidates/P007_row01_slot07.png
P-R02-C01,poko,IDLE,front_idle_look,idle_look,"[2, 2, 43, 52]",41,50,1603,1.0638,1.0,1.0,False,within_canonical_band,Perceived body scale is consistent; no resampling required.,characters/poko/detection_candidates/P008_row02_slot01.png
P-R02-C02,poko,LOCOMOTION,side_walk_or_shuffle,locomotion_side,"[2, 2, 43, 52]",41,50,1603,1.0638,1.0,1.0,False,within_canonical_band,Perceived body scale is consistent; no resampling required.,characters/poko/detection_candidates/P009_row02_slot02.png
P-R02-C03,poko,LOCOMOTION,side_walk_or_shuffle,locomotion_side,"[2, 2, 47, 52]",45,50,1674,1.0638,1.0976,1.0,False,within_canonical_band,Perceived body scale is consistent; no resampling required.,characters/poko/detection_candidates/P010_row02_slot03.png
P-R02-C04,poko,LOCOMOTION,side_walk_or_shuffle,locomotion_side,"[2, 2, 44, 54]",42,52,1598,1.1064,1.0244,1.0,False,intentional_pose_variation_or_manual_review,"Outside the conservative upright-height review band, but preserved at source scale. The visual pose shows likely intentional squash, extension, expression, or orientation change.",characters/poko/detection_candidates/P011_row02_slot04.png
P-R02-C05,poko,LOCOMOTION,side_walk_or_shuffle,locomotion_side,"[2, 2, 46, 52]",44,50,1671,1.0638,1.0732,1.0,False,within_canonical_band,Perceived body scale is consistent; no resampling required.,characters/poko/detection_candidates/P012_row02_slot05.png
P-R02-C06,poko,LOCOMOTION,side_walk_or_shuffle,locomotion_side,"[2, 2, 45, 52]",43,50,1604,1.0638,1.0488,1.0,False,within_canonical_band,Perceived body scale is consistent; no resampling required.,characters/poko/detection_candidates/P013_row02_slot06.png
P-R02-C07,poko,LOCOMOTION,side_walk_or_shuffle,locomotion_side,"[2, 2, 47, 52]",45,50,1624,1.0638,1.0976,1.0,False,within_canonical_band,Perceived body scale is consistent; no resampling required.,characters/poko/detection_candidates/P014_row02_slot07.png
P-R02-C08,poko,LOCOMOTION,side_walk_or_shuffle,locomotion_side,"[2, 2, 45, 54]",43,52,1652,1.1064,1.0488,1.0,False,intentional_pose_variation_or_manual_review,"Outside the conservative upright-height review band, but preserved at source scale. The visual pose shows likely intentional squash, extension, expression, or orientation change.",characters/poko/detection_candidates/P015_row02_slot08.png
P-R02-C09,poko,LOCOMOTION,side_walk_or_shuffle,locomotion_side,"[2, 2, 44, 53]",42,51,1603,1.0851,1.0244,1.0,False,within_canonical_band,Perceived body scale is consistent; no resampling required.,characters/poko/detection_candidates/P016_row02_slot09.png
P-R02-C10,poko,LOCOMOTION,side_walk_or_shuffle,locomotion_side,"[2, 2, 50, 52]",48,50,1713,1.0638,1.1707,1.0,False,within_canonical_band,Perceived body scale is consistent; no resampling required.,characters/poko/detection_candidates/P017_row02_slot10.png
P-R02-C11,poko,POSTURE_TRANSITIONS,turn_and_lower,stand_to_sit_or_lie,"[2, 2, 48, 55]",46,53,1713,1.1277,1.122,1.0,False,excluded_from_upright_scale_fit,"Posture/activity frame excluded from canonical upright fitting because lying, sitting, crouching, jumping, props, or furniture can legitimately alter visible dimensions.",characters/poko/detection_candidates/P018_row02_slot11.png
P-R02-C12,poko,POSTURE_TRANSITIONS,turn_and_lower,stand_to_sit_or_lie,"[2, 2, 44, 53]",42,51,1618,1.0851,1.0244,1.0,False,excluded_from_upright_scale_fit,"Posture/activity frame excluded from canonical upright fitting because lying, sitting, crouching, jumping, props, or furniture can legitimately alter visible dimensions.",characters/poko/detection_candidates/P019_row02_slot12.png
P-R02-C13,poko,POSTURE_TRANSITIONS,turn_and_lower,stand_to_sit_or_lie,"[2, 2, 47, 55]",45,53,1694,1.1277,1.0976,1.0,False,excluded_from_upright_scale_fit,"Posture/activity frame excluded from canonical upright fitting because lying, sitting, crouching, jumping, props, or furniture can legitimately alter visible dimensions.",characters/poko/detection_candidates/P020_row02_slot13.png
P-R03-C01,poko,POSTURE_TRANSITIONS,turn_and_lower,stand_to_sit_or_lie,"[2, 2, 44, 49]",42,47,1491,1.0,1.0244,1.0,False,excluded_from_upright_scale_fit,"Posture/activity frame excluded from canonical upright fitting because lying, sitting, crouching, jumping, props, or furniture can legitimately alter visible dimensions.",characters/poko/detection_candidates/P021_row03_slot01.png
P-R03-C02,poko,POSTURE_TRANSITIONS,turn_and_lower,stand_to_sit_or_lie,"[2, 2, 44, 49]",42,47,1466,1.0,1.0244,1.0,False,excluded_from_upright_scale_fit,"Posture/activity frame excluded from canonical upright fitting because lying, sitting, crouching, jumping, props, or furniture can legitimately alter visible dimensions.",characters/poko/detection_candidates/P022_row03_slot02.png
P-R03-C03,poko,POSTURE_TRANSITIONS,turn_and_lower,stand_to_sit_or_lie,"[2, 2, 43, 49]",41,47,1454,1.0,1.0,1.0,False,excluded_from_upright_scale_fit,"Posture/activity frame excluded from canonical upright fitting because lying, sitting, crouching, jumping, props, or furniture can legitimately alter visible dimensions.",characters/poko/detection_candidates/P023_row03_slot03.png
P-R03-C04,poko,POSTURE_TRANSITIONS,turn_and_lower,stand_to_sit_or_lie,"[2, 2, 44, 48]",42,46,1488,0.9787,1.0244,1.0,False,excluded_from_upright_scale_fit,"Posture/activity frame excluded from canonical upright fitting because lying, sitting, crouching, jumping, props, or furniture can legitimately alter visible dimensions.",characters/poko/detection_candidates/P024_row03_slot04.png
P-R03-C05,poko,POSTURE_TRANSITIONS,turn_and_lower,stand_to_sit_or_lie,"[2, 2, 43, 49]",41,47,1511,1.0,1.0,1.0,False,excluded_from_upright_scale_fit,"Posture/activity frame excluded from canonical upright fitting because lying, sitting, crouching, jumping, props, or furniture can legitimately alter visible dimensions.",characters/poko/detection_candidates/P025_row03_slot05.png
P-R03-C06,poko,POSTURE_TRANSITIONS,lying_and_roll_variants,sit_to_lie_or_roll,"[2, 2, 51, 42]",49,40,1467,0.8511,1.1951,1.0,False,excluded_from_upright_scale_fit,"Posture/activity frame excluded from canonical upright fitting because lying, sitting, crouching, jumping, props, or furniture can legitimately alter visible dimensions.",characters/poko/detection_candidates/P026_row03_slot06.png
P-R03-C07,poko,POSTURE_TRANSITIONS,lying_and_roll_variants,sit_to_lie_or_roll,"[2, 2, 51, 44]",49,42,1437,0.8936,1.1951,1.0,False,excluded_from_upright_scale_fit,"Posture/activity frame excluded from canonical upright fitting because lying, sitting, crouching, jumping, props, or furniture can legitimately alter visible dimensions.",characters/poko/detection_candidates/P027_row03_slot07.png
P-R03-C08,poko,POSTURE_TRANSITIONS,lying_and_roll_variants,sit_to_lie_or_roll,"[2, 2, 54, 40]",52,38,1467,0.8085,1.2683,1.0,False,excluded_from_upright_scale_fit,"Posture/activity frame excluded from canonical upright fitting because lying, sitting, crouching, jumping, props, or furniture can legitimately alter visible dimensions.",characters/poko/detection_candidates/P028_row03_slot08.png
P-R03-C09,poko,POSTURE_TRANSITIONS,lying_and_roll_variants,sit_to_lie_or_roll,"[2, 2, 48, 48]",46,46,1492,0.9787,1.122,1.0,False,excluded_from_upright_scale_fit,"Posture/activity frame excluded from canonical upright fitting because lying, sitting, crouching, jumping, props, or furniture can legitimately alter visible dimensions.",characters/poko/detection_candidates/P029_row03_slot09.png
P-R03-C10,poko,POSTURE_TRANSITIONS,lying_and_roll_variants,sit_to_lie_or_roll,"[2, 2, 52, 35]",50,33,1291,0.7021,1.2195,1.0,False,excluded_from_upright_scale_fit,"Posture/activity frame excluded from canonical upright fitting because lying, sitting, crouching, jumping, props, or furniture can legitimately alter visible dimensions.",characters/poko/detection_candidates/P030_row03_slot10.png
P-R03-C11,poko,POSTURE_TRANSITIONS,lying_and_roll_variants,sit_to_lie_or_roll,"[2, 2, 57, 33]",55,31,1295,0.6596,1.3415,1.0,False,excluded_from_upright_scale_fit,"Posture/activity frame excluded from canonical upright fitting because lying, sitting, crouching, jumping, props, or furniture can legitimately alter visible dimensions.",characters/poko/detection_candidates/P031_row03_slot11.png
P-R03-C12,poko,POSTURE_TRANSITIONS,lying_and_roll_variants,sit_to_lie_or_roll,"[2, 2, 43, 49]",41,47,1433,1.0,1.0,1.0,False,excluded_from_upright_scale_fit,"Posture/activity frame excluded from canonical upright fitting because lying, sitting, crouching, jumping, props, or furniture can legitimately alter visible dimensions.",characters/poko/detection_candidates/P032_row03_slot12.png
P-R03-C13,poko,POSTURE_TRANSITIONS,lying_and_roll_variants,sit_to_lie_or_roll,"[2, 2, 48, 38]",46,36,1324,0.766,1.122,1.0,False,excluded_from_upright_scale_fit,"Posture/activity frame excluded from canonical upright fitting because lying, sitting, crouching, jumping, props, or furniture can legitimately alter visible dimensions.",characters/poko/detection_candidates/P033_row03_slot13.png
P-R04-C01,poko,POSTURE_TRANSITIONS,lying_and_roll_variants,sit_to_lie_or_roll,"[2, 2, 43, 47]",41,45,1467,0.9574,1.0,1.0,False,excluded_from_upright_scale_fit,"Posture/activity frame excluded from canonical upright fitting because lying, sitting, crouching, jumping, props, or furniture can legitimately alter visible dimensions.",characters/poko/detection_candidates/P034_row04_slot01.png
P-R04-C02,poko,POSTURE_TRANSITIONS,lying_and_roll_variants,sit_to_lie_or_roll,"[2, 2, 45, 44]",43,42,1445,0.8936,1.0488,1.0,False,excluded_from_upright_scale_fit,"Posture/activity frame excluded from canonical upright fitting because lying, sitting, crouching, jumping, props, or furniture can legitimately alter visible dimensions.",characters/poko/detection_candidates/P035_row04_slot02.png
P-R04-C03,poko,POSTURE_TRANSITIONS,lying_and_roll_variants,sit_to_lie_or_roll,"[2, 2, 47, 47]",45,45,1522,0.9574,1.0976,1.0,False,excluded_from_upright_scale_fit,"Posture/activity frame excluded from canonical upright fitting because lying, sitting, crouching, jumping, props, or furniture can legitimately alter visible dimensions.",characters/poko/detection_candidates/P036_row04_slot03.png
P-R04-C04,poko,POSTURE_TRANSITIONS,lying_and_roll_variants,sit_to_lie_or_roll,"[2, 2, 46, 45]",44,43,1487,0.9149,1.0732,1.0,False,excluded_from_upright_scale_fit,"Posture/activity frame excluded from canonical upright fitting because lying, sitting, crouching, jumping, props, or furniture can legitimately alter visible dimensions.",characters/poko/detection_candidates/P037_row04_slot04.png
P-R04-C05,poko,POSTURE_TRANSITIONS,lying_and_roll_variants,sit_to_lie_or_roll,"[2, 2, 49, 39]",47,37,1423,0.7872,1.1463,1.0,False,excluded_from_upright_scale_fit,"Posture/activity frame excluded from canonical upright fitting because lying, sitting, crouching, jumping, props, or furniture can legitimately alter visible dimensions.",characters/poko/detection_candidates/P038_row04_slot05.png
P-R04-C06,poko,POSTURE_TRANSITIONS,lying_and_roll_variants,sit_to_lie_or_roll,"[2, 2, 49, 39]",47,37,1360,0.7872,1.1463,1.0,False,excluded_from_upright_scale_fit,"Posture/activity frame excluded from canonical upright fitting because lying, sitting, crouching, jumping, props, or furniture can legitimately alter visible dimensions.",characters/poko/detection_candidates/P039_row04_slot06.png
P-R04-C07,poko,SLEEP,sleeping_lying,sleep_loop,"[2, 2, 62, 35]",60,33,1579,0.7021,1.4634,1.0,False,excluded_from_upright_scale_fit,"Posture/activity frame excluded from canonical upright fitting because lying, sitting, crouching, jumping, props, or furniture can legitimately alter visible dimensions.",characters/poko/detection_candidates/P040_row04_slot07.png
P-R04-C08,poko,SLEEP,sleeping_lying,sleep_loop,"[2, 2, 58, 35]",56,33,1511,0.7021,1.3659,1.0,False,excluded_from_upright_scale_fit,"Posture/activity frame excluded from canonical upright fitting because lying, sitting, crouching, jumping, props, or furniture can legitimately alter visible dimensions.",characters/poko/detection_candidates/P041_row04_slot08.png
P-R04-C09,poko,SLEEP,sleeping_lying,sleep_loop,"[2, 2, 56, 34]",54,32,1363,0.6809,1.3171,1.0,False,excluded_from_upright_scale_fit,"Posture/activity frame excluded from canonical upright fitting because lying, sitting, crouching, jumping, props, or furniture can legitimately alter visible dimensions.",characters/poko/detection_candidates/P042_row04_slot09.png
P-R04-C10,poko,SLEEP,sleeping_lying,sleep_loop,"[2, 15, 55, 46]",53,31,1261,0.6596,1.2927,1.0,False,excluded_from_upright_scale_fit,"Posture/activity frame excluded from canonical upright fitting because lying, sitting, crouching, jumping, props, or furniture can legitimately alter visible dimensions.",characters/poko/detection_candidates/P043_row04_slot10.png
P-R04-C11,poko,SLEEP,sleeping_lying,sleep_loop,"[4, 15, 56, 46]",52,31,1244,0.6596,1.2683,1.0,False,excluded_from_upright_scale_fit,"Posture/activity frame excluded from canonical upright fitting because lying, sitting, crouching, jumping, props, or furniture can legitimately alter visible dimensions.",characters/poko/detection_candidates/P044_row04_slot11.png
P-R04-C12,poko,SLEEP,sleeping_lying,sleep_loop,"[3, 18, 55, 49]",52,31,1245,0.6596,1.2683,1.0,False,excluded_from_upright_scale_fit,"Posture/activity frame excluded from canonical upright fitting because lying, sitting, crouching, jumping, props, or furniture can legitimately alter visible dimensions.",characters/poko/detection_candidates/P045_row04_slot12.png
P-R04-C13,poko,SLEEP,sleeping_lying,sleep_loop,"[3, 14, 50, 49]",47,35,1217,0.7447,1.1463,1.0,False,excluded_from_upright_scale_fit,"Posture/activity frame excluded from canonical upright fitting because lying, sitting, crouching, jumping, props, or furniture can legitimately alter visible dimensions.",characters/poko/detection_candidates/P046_row04_slot13.png
P-R05-C01,poko,IDLE,front_idle_variants,idle_front,"[2, 2, 43, 48]",41,46,1470,0.9787,1.0,1.0,False,within_canonical_band,Perceived body scale is consistent; no resampling required.,characters/poko/detection_candidates/P047_row05_slot01.png
P-R05-C02,poko,IDLE,front_idle_variants,idle_front,"[2, 2, 42, 49]",40,47,1480,1.0,0.9756,1.0,False,within_canonical_band,Perceived body scale is consistent; no resampling required.,characters/poko/detection_candidates/P048_row05_slot02.png
P-R05-C03,poko,IDLE,front_idle_variants,idle_front,"[2, 2, 43, 49]",41,47,1499,1.0,1.0,1.0,False,within_canonical_band,Perceived body scale is consistent; no resampling required.,characters/poko/detection_candidates/P049_row05_slot03.png
P-R05-C04,poko,IDLE,front_idle_variants,idle_front,"[2, 2, 42, 51]",40,49,1493,1.0426,0.9756,1.0,False,within_canonical_band,Perceived body scale is consistent; no resampling required.,characters/poko/detection_candidates/P050_row05_slot04.png
P-R05-C05,poko,IDLE,front_idle_variants,idle_front,"[2, 2, 43, 47]",41,45,1455,0.9574,1.0,1.0,False,within_canonical_band,Perceived body scale is consistent; no resampling required.,characters/poko/detection_candidates/P051_row05_slot05.png
P-R05-C06,poko,IDLE,front_idle_variants,idle_front,"[2, 2, 42, 49]",40,47,1487,1.0,0.9756,1.0,False,within_canonical_band,Perceived body scale is consistent; no resampling required.,characters/poko/detection_candidates/P052_row05_slot06.png
P-R05-C07,poko,IDLE,front_idle_variants,idle_front,"[2, 2, 43, 49]",41,47,1475,1.0,1.0,1.0,False,within_canonical_band,Perceived body scale is consistent; no resampling required.,characters/poko/detection_candidates/P053_row05_slot07.png
P-R05-C08,poko,IDLE,front_idle_variants,idle_front,"[2, 2, 42, 48]",40,46,1456,0.9787,0.9756,1.0,False,within_canonical_band,Perceived body scale is consistent; no resampling required.,characters/poko/detection_candidates/P054_row05_slot08.png
P-R05-C09,poko,IDLE,front_idle_variants,idle_front,"[2, 2, 42, 48]",40,46,1442,0.9787,0.9756,1.0,False,within_canonical_band,Perceived body scale is consistent; no resampling required.,characters/poko/detection_candidates/P055_row05_slot09.png
P-R05-C10,poko,EMOTIONS,surprised_excited,surprise_excited,"[2, 2, 51, 47]",49,45,1503,0.9574,1.1951,1.0,False,within_canonical_band,Perceived body scale is consistent; no resampling required.,characters/poko/detection_candidates/P056_row05_slot10.png
P-R05-C11,poko,EMOTIONS,surprised_excited,surprise_excited,"[2, 2, 52, 47]",50,45,1566,0.9574,1.2195,1.0,False,within_canonical_band,Perceived body scale is consistent; no resampling required.,characters/poko/detection_candidates/P057_row05_slot11.png
P-R05-C12,poko,EMOTIONS,surprised_excited,surprise_excited,"[2, 2, 50, 47]",48,45,1571,0.9574,1.1707,1.0,False,within_canonical_band,Perceived body scale is consistent; no resampling required.,characters/poko/detection_candidates/P058_row05_slot12.png
P-R05-C13,poko,EMOTIONS,surprised_excited,surprise_excited,"[2, 2, 47, 49]",45,47,1525,1.0,1.0976,1.0,False,within_canonical_band,Perceived body scale is consistent; no resampling required.,characters/poko/detection_candidates/P059_row05_slot13.png
P-R06-C01,poko,EMOTIONS,surprised_excited,surprise_excited,"[2, 2, 42, 49]",40,47,1486,1.0,0.9756,1.0,False,within_canonical_band,Perceived body scale is consistent; no resampling required.,characters/poko/detection_candidates/P060_row06_slot01.png
P-R06-C02,poko,EMOTIONS,surprised_excited,surprise_excited,"[2, 2, 42, 49]",40,47,1478,1.0,0.9756,1.0,False,within_canonical_band,Perceived body scale is consistent; no resampling required.,characters/poko/detection_candidates/P061_row06_slot02.png
P-R06-C03,poko,EMOTIONS,surprised_excited,surprise_excited,"[2, 2, 42, 49]",40,47,1458,1.0,0.9756,1.0,False,within_canonical_band,Perceived body scale is consistent; no resampling required.,characters/poko/detection_candidates/P062_row06_slot03.png
P-R06-C04,poko,EMOTIONS,surprised_excited,surprise_excited,"[2, 2, 42, 48]",40,46,1458,0.9787,0.9756,1.0,False,within_canonical_band,Perceived body scale is consistent; no resampling required.,characters/poko/detection_candidates/P063_row06_slot04.png
P-R06-C05,poko,EMOTIONS,surprised_excited,surprise_excited,"[2, 2, 42, 48]",40,46,1450,0.9787,0.9756,1.0,False,within_canonical_band,Perceived body scale is consistent; no resampling required.,characters/poko/detection_candidates/P064_row06_slot05.png
P-R06-C06,poko,EMOTIONS,love_angry,love_and_angry,"[2, 2, 45, 48]",43,46,1529,0.9787,1.0488,1.0,False,within_canonical_band,Perceived body scale is consistent; no resampling required.,characters/poko/detection_candidates/P065_row06_slot06.png
P-R06-C07,poko,EMOTIONS,love_angry,love_and_angry,"[2, 2, 42, 49]",40,47,1487,1.0,0.9756,1.0,False,within_canonical_band,Perceived body scale is consistent; no resampling required.,characters/poko/detection_candidates/P066_row06_slot07.png
P-R06-C08,poko,EMOTIONS,love_angry,love_and_angry,"[2, 2, 45, 51]",43,49,1558,1.0426,1.0488,1.0,False,within_canonical_band,Perceived body scale is consistent; no resampling required.,characters/poko/detection_candidates/P067_row06_slot08.png
P-R06-C09,poko,EMOTIONS,love_angry,love_and_angry,"[2, 2, 43, 50]",41,48,1539,1.0213,1.0,1.0,False,within_canonical_band,Perceived body scale is consistent; no resampling required.,characters/poko/detection_candidates/P068_row06_slot09.png
P-R06-C10,poko,EMOTIONS,love_angry,love_and_angry,"[2, 2, 46, 49]",44,47,1510,1.0,1.0732,1.0,False,within_canonical_band,Perceived body scale is consistent; no resampling required.,characters/poko/detection_candidates/P069_row06_slot10.png
P-R06-C11,poko,EMOTIONS,love_angry,love_and_angry,"[2, 2, 44, 50]",42,48,1529,1.0213,1.0244,1.0,False,within_canonical_band,Perceived body scale is consistent; no resampling required.,characters/poko/detection_candidates/P070_row06_slot11.png
P-R06-C12,poko,EMOTIONS,love_angry,love_and_angry,"[2, 2, 42, 50]",40,48,1518,1.0213,0.9756,1.0,False,within_canonical_band,Perceived body scale is consistent; no resampling required.,characters/poko/detection_candidates/P071_row06_slot12.png
P-R06-C13,poko,EMOTIONS,love_angry,love_and_angry,"[2, 2, 42, 49]",40,47,1483,1.0,0.9756,1.0,False,within_canonical_band,Perceived body scale is consistent; no resampling required.,characters/poko/detection_candidates/P072_row06_slot13.png
P-R07-C01,poko,EMOTIONS,sad_crying,sad_to_crying,"[2, 2, 42, 48]",40,46,1466,0.9787,0.9756,1.0,False,within_canonical_band,Perceived body scale is consistent; no resampling required.,characters/poko/detection_candidates/P073_row07_slot01.png
P-R07-C02,poko,EMOTIONS,sad_crying,sad_to_crying,"[2, 2, 42, 48]",40,46,1452,0.9787,0.9756,1.0,False,within_canonical_band,Perceived body scale is consistent; no resampling required.,characters/poko/detection_candidates/P074_row07_slot02.png
P-R07-C03,poko,EMOTIONS,sad_crying,sad_to_crying,"[2, 2, 42, 49]",40,47,1482,1.0,0.9756,1.0,False,within_canonical_band,Perceived body scale is consistent; no resampling required.,characters/poko/detection_candidates/P075_row07_slot03.png
P-R07-C04,poko,EMOTIONS,sad_crying,sad_to_crying,"[2, 2, 43, 48]",41,46,1467,0.9787,1.0,1.0,False,within_canonical_band,Perceived body scale is consistent; no resampling required.,characters/poko/detection_candidates/P076_row07_slot04.png
P-R07-C05,poko,EMOTIONS,sad_crying,sad_to_crying,"[2, 2, 45, 48]",43,46,1495,0.9787,1.0488,1.0,False,within_canonical_band,Perceived body scale is consistent; no resampling required.,characters/poko/detection_candidates/P077_row07_slot05.png
P-R07-C06,poko,EMOTIONS,sad_crying,sad_to_crying,"[2, 2, 42, 48]",40,46,1461,0.9787,0.9756,1.0,False,within_canonical_band,Perceived body scale is consistent; no resampling required.,characters/poko/detection_candidates/P078_row07_slot06.png
P-R07-C07,poko,EMOTIONS,sad_crying,sad_to_crying,"[2, 2, 50, 48]",48,46,1553,0.9787,1.1707,1.0,False,within_canonical_band,Perceived body scale is consistent; no resampling required.,characters/poko/detection_candidates/P079_row07_slot07.png
P-R07-C08,poko,EMOTIONS,sad_crying,sad_to_crying,"[2, 2, 46, 49]",44,47,1545,1.0,1.0732,1.0,False,within_canonical_band,Perceived body scale is consistent; no resampling required.,characters/poko/detection_candidates/P080_row07_slot08.png
P-R07-C09,poko,EMOTIONS,confused,confused_reaction,"[2, 4, 43, 51]",41,47,1561,1.0,1.0,1.0,False,within_canonical_band,Perceived body scale is consistent; no resampling required.,characters/poko/detection_candidates/P081_row07_slot09.png
P-R07-C10,poko,EMOTIONS,confused,confused_reaction,"[2, 2, 42, 49]",40,47,1451,1.0,0.9756,1.0,False,within_canonical_band,Perceived body scale is consistent; no resampling required.,characters/poko/detection_candidates/P082_row07_slot10.png
P-R07-C11,poko,EMOTIONS,confused,confused_reaction,"[2, 3, 42, 50]",40,47,1456,1.0,0.9756,1.0,False,within_canonical_band,Perceived body scale is consistent; no resampling required.,characters/poko/detection_candidates/P083_row07_slot11.png
P-R07-C12,poko,EMOTIONS,confused,confused_reaction,"[2, 2, 42, 49]",40,47,1453,1.0,0.9756,1.0,False,within_canonical_band,Perceived body scale is consistent; no resampling required.,characters/poko/detection_candidates/P084_row07_slot12.png
P-R07-C13,poko,EMOTIONS,confused,confused_reaction,"[2, 3, 42, 49]",40,46,1449,0.9787,0.9756,1.0,False,within_canonical_band,Perceived body scale is consistent; no resampling required.,characters/poko/detection_candidates/P085_row07_slot13.png
P-R08-C01,poko,EMOTIONS,confused,confused_reaction,"[2, 2, 42, 48]",40,46,1461,0.9787,0.9756,1.0,False,within_canonical_band,Perceived body scale is consistent; no resampling required.,characters/poko/detection_candidates/P086_row08_slot01.png
P-R08-C02,poko,EMOTIONS,confused,confused_reaction,"[2, 2, 41, 48]",39,46,1439,0.9787,0.9512,1.0,False,within_canonical_band,Perceived body scale is consistent; no resampling required.,characters/poko/detection_candidates/P087_row08_slot02.png
P-R08-C03,poko,EMOTIONS,confused,confused_reaction,"[2, 2, 43, 48]",41,46,1460,0.9787,1.0,1.0,False,within_canonical_band,Perceived body scale is consistent; no resampling required.,characters/poko/detection_candidates/P088_row08_slot03.png
P-R08-C04,poko,EMOTIONS,surprised_proud_happy,positive_reactions,"[2, 2, 41, 55]",39,53,1584,1.1277,0.9512,1.0,False,intentional_pose_variation_or_manual_review,"Outside the conservative upright-height review band, but preserved at source scale. The visual pose shows likely intentional squash, extension, expression, or orientation change.",characters/poko/detection_candidates/P089_row08_slot04.png
P-R08-C05,poko,EMOTIONS,surprised_proud_happy,positive_reactions,"[2, 2, 42, 48]",40,46,1440,0.9787,0.9756,1.0,False,within_canonical_band,Perceived body scale is consistent; no resampling required.,characters/poko/detection_candidates/P090_row08_slot05.png
P-R08-C06,poko,EMOTIONS,surprised_proud_happy,positive_reactions,"[2, 2, 41, 48]",39,46,1429,0.9787,0.9512,1.0,False,within_canonical_band,Perceived body scale is consistent; no resampling required.,characters/poko/detection_candidates/P091_row08_slot06.png
P-R08-C07,poko,EMOTIONS,surprised_proud_happy,positive_reactions,"[15, 9, 55, 56]",40,47,1440,1.0,0.9756,1.0,False,within_canonical_band,Perceived body scale is consistent; no resampling required.,characters/poko/detection_candidates/P092_row08_slot07.png
P-R08-C08,poko,EMOTIONS,surprised_proud_happy,positive_reactions,"[2, 2, 41, 56]",39,54,1467,1.1489,0.9512,1.0,False,intentional_pose_variation_or_manual_review,"Outside the conservative upright-height review band, but preserved at source scale. The visual pose shows likely intentional squash, extension, expression, or orientation change.",characters/poko/detection_candidates/P093_row08_slot08.png
P-R08-C09,poko,EMOTIONS,surprised_proud_happy,positive_reactions,"[14, 12, 54, 58]",40,46,1435,0.9787,0.9756,1.0,False,within_canonical_band,Perceived body scale is consistent; no resampling required.,characters/poko/detection_candidates/P094_row08_slot09.png
P-R08-C10,poko,EMOTIONS,surprised_proud_happy,positive_reactions,"[2, 2, 53, 50]",51,48,1596,1.0213,1.2439,1.0,False,within_canonical_band,Perceived body scale is consistent; no resampling required.,characters/poko/detection_candidates/P095_row08_slot10.png
P-R08-C11,poko,EMOTIONS,surprised_proud_happy,positive_reactions,"[2, 2, 43, 47]",41,45,1445,0.9574,1.0,1.0,False,within_canonical_band,Perceived body scale is consistent; no resampling required.,characters/poko/detection_candidates/P096_row08_slot11.png
P-R08-C12,poko,EMOTIONS,tired_embarrassed_happy,mixed_reactions,"[2, 2, 43, 48]",41,46,1479,0.9787,1.0,1.0,False,within_canonical_band,Perceived body scale is consistent; no resampling required.,characters/poko/detection_candidates/P097_row08_slot12.png
P-R08-C13,poko,EMOTIONS,tired_embarrassed_happy,mixed_reactions,"[2, 2, 42, 47]",40,45,1426,0.9574,0.9756,1.0,False,within_canonical_band,Perceived body scale is consistent; no resampling required.,characters/poko/detection_candidates/P098_row08_slot13.png
P-R09-C01,poko,EMOTIONS,tired_embarrassed_happy,mixed_reactions,"[2, 2, 45, 48]",43,46,1460,0.9787,1.0488,1.0,False,within_canonical_band,Perceived body scale is consistent; no resampling required.,characters/poko/detection_candidates/P099_row09_slot01.png
P-R09-C02,poko,EMOTIONS,tired_embarrassed_happy,mixed_reactions,"[2, 2, 51, 47]",49,45,1529,0.9574,1.1951,1.0,False,within_canonical_band,Perceived body scale is consistent; no resampling required.,characters/poko/detection_candidates/P100_row09_slot02.png
P-R09-C03,poko,EMOTIONS,tired_embarrassed_happy,mixed_reactions,"[2, 2, 50, 48]",48,46,1535,0.9787,1.1707,1.0,False,within_canonical_band,Perceived body scale is consistent; no resampling required.,characters/poko/detection_candidates/P101_row09_slot03.png
P-R09-C04,poko,EMOTIONS,tired_embarrassed_happy,mixed_reactions,"[2, 2, 44, 51]",42,49,1517,1.0426,1.0244,1.0,False,within_canonical_band,Perceived body scale is consistent; no resampling required.,characters/poko/detection_candidates/P102_row09_slot04.png
P-R09-C05,poko,EMOTIONS,tired_embarrassed_happy,mixed_reactions,"[2, 2, 44, 49]",42,47,1527,1.0,1.0244,1.0,False,within_canonical_band,Perceived body scale is consistent; no resampling required.,characters/poko/detection_candidates/P103_row09_slot05.png
P-R09-C06,poko,EMOTIONS,tired_embarrassed_happy,mixed_reactions,"[2, 2, 43, 49]",41,47,1492,1.0,1.0,1.0,False,within_canonical_band,Perceived body scale is consistent; no resampling required.,characters/poko/detection_candidates/P104_row09_slot06.png
P-R09-C07,poko,ACTIVITIES,drinking,drink,"[2, 2, 53, 48]",51,46,1576,0.9787,1.2439,1.0,False,excluded_from_upright_scale_fit,"Posture/activity frame excluded from canonical upright fitting because lying, sitting, crouching, jumping, props, or furniture can legitimately alter visible dimensions.",characters/poko/detection_candidates/P105_row09_slot07.png
P-R09-C08,poko,ACTIVITIES,drinking,drink,"[2, 2, 50, 49]",48,47,1566,1.0,1.1707,1.0,False,excluded_from_upright_scale_fit,"Posture/activity frame excluded from canonical upright fitting because lying, sitting, crouching, jumping, props, or furniture can legitimately alter visible dimensions.",characters/poko/detection_candidates/P106_row09_slot08.png
P-R09-C09,poko,ACTIVITIES,drinking,drink,"[2, 2, 44, 48]",42,46,1443,0.9787,1.0244,1.0,False,excluded_from_upright_scale_fit,"Posture/activity frame excluded from canonical upright fitting because lying, sitting, crouching, jumping, props, or furniture can legitimately alter visible dimensions.",characters/poko/detection_candidates/P107_row09_slot09.png
P-R09-C10,poko,ACTIVITIES,drinking,drink,"[2, 2, 44, 47]",42,45,1436,0.9574,1.0244,1.0,False,excluded_from_upright_scale_fit,"Posture/activity frame excluded from canonical upright fitting because lying, sitting, crouching, jumping, props, or furniture can legitimately alter visible dimensions.",characters/poko/detection_candidates/P108_row09_slot10.png
P-R09-C11,poko,ACTIVITIES,drinking,drink,"[2, 2, 46, 47]",44,45,1476,0.9574,1.0732,1.0,False,excluded_from_upright_scale_fit,"Posture/activity frame excluded from canonical upright fitting because lying, sitting, crouching, jumping, props, or furniture can legitimately alter visible dimensions.",characters/poko/detection_candidates/P109_row09_slot11.png
P-R09-C12,poko,ACTIVITIES,drinking,drink,"[2, 2, 43, 49]",41,47,1479,1.0,1.0,1.0,False,excluded_from_upright_scale_fit,"Posture/activity frame excluded from canonical upright fitting because lying, sitting, crouching, jumping, props, or furniture can legitimately alter visible dimensions.",characters/poko/detection_candidates/P110_row09_slot12.png
P-R09-C13,poko,ACTIVITIES,drinking,drink,"[2, 2, 46, 46]",44,44,1435,0.9362,1.0732,1.0,False,excluded_from_upright_scale_fit,"Posture/activity frame excluded from canonical upright fitting because lying, sitting, crouching, jumping, props, or furniture can legitimately alter visible dimensions.",characters/poko/detection_candidates/P111_row09_slot13.png
P-R09-C14,poko,ACTIVITIES,drinking,drink,"[2, 2, 43, 48]",41,46,1469,0.9787,1.0,1.0,False,excluded_from_upright_scale_fit,"Posture/activity frame excluded from canonical upright fitting because lying, sitting, crouching, jumping, props, or furniture can legitimately alter visible dimensions.",characters/poko/detection_candidates/P112_row09_slot14.png
P-R10-C01,poko,ACTIVITIES,eating,eat,"[2, 2, 50, 50]",48,48,1593,1.0213,1.1707,1.0,False,excluded_from_upright_scale_fit,"Posture/activity frame excluded from canonical upright fitting because lying, sitting, crouching, jumping, props, or furniture can legitimately alter visible dimensions.",characters/poko/detection_candidates/P113_row10_slot01.png
P-R10-C02,poko,ACTIVITIES,eating,eat,"[2, 2, 49, 50]",47,48,1641,1.0213,1.1463,1.0,False,excluded_from_upright_scale_fit,"Posture/activity frame excluded from canonical upright fitting because lying, sitting, crouching, jumping, props, or furniture can legitimately alter visible dimensions.",characters/poko/detection_candidates/P114_row10_slot02.png
P-R10-C03,poko,ACTIVITIES,eating,eat,"[2, 2, 62, 50]",60,48,1649,1.0213,1.4634,1.0,False,excluded_from_upright_scale_fit,"Posture/activity frame excluded from canonical upright fitting because lying, sitting, crouching, jumping, props, or furniture can legitimately alter visible dimensions.",characters/poko/detection_candidates/P115_row10_slot03.png
P-R10-C04,poko,ACTIVITIES,eating,eat,"[2, 2, 49, 45]",47,43,1474,0.9149,1.1463,1.0,False,excluded_from_upright_scale_fit,"Posture/activity frame excluded from canonical upright fitting because lying, sitting, crouching, jumping, props, or furniture can legitimately alter visible dimensions.",characters/poko/detection_candidates/P116_row10_slot04.png
P-R10-C05,poko,ACTIVITIES,eating,eat,"[2, 2, 49, 46]",47,44,1482,0.9362,1.1463,1.0,False,excluded_from_upright_scale_fit,"Posture/activity frame excluded from canonical upright fitting because lying, sitting, crouching, jumping, props, or furniture can legitimately alter visible dimensions.",characters/poko/detection_candidates/P117_row10_slot05.png
P-R10-C06,poko,ACTIVITIES,eating,eat,"[2, 2, 49, 45]",47,43,1485,0.9149,1.1463,1.0,False,excluded_from_upright_scale_fit,"Posture/activity frame excluded from canonical upright fitting because lying, sitting, crouching, jumping, props, or furniture can legitimately alter visible dimensions.",characters/poko/detection_candidates/P118_row10_slot06.png
P-R10-C07,poko,ACTIVITIES,eating,eat,"[2, 2, 55, 46]",53,44,1483,0.9362,1.2927,1.0,False,excluded_from_upright_scale_fit,"Posture/activity frame excluded from canonical upright fitting because lying, sitting, crouching, jumping, props, or furniture can legitimately alter visible dimensions.",characters/poko/detection_candidates/P119_row10_slot07.png
P-R10-C08,poko,ACTIVITIES,eating,eat,"[2, 2, 46, 49]",44,47,1572,1.0,1.0732,1.0,False,excluded_from_upright_scale_fit,"Posture/activity frame excluded from canonical upright fitting because lying, sitting, crouching, jumping, props, or furniture can legitimately alter visible dimensions.",characters/poko/detection_candidates/P120_row10_slot08.png
P-R10-C09,poko,ACTIVITIES,eating,eat,"[2, 2, 49, 49]",47,47,1602,1.0,1.1463,1.0,False,excluded_from_upright_scale_fit,"Posture/activity frame excluded from canonical upright fitting because lying, sitting, crouching, jumping, props, or furniture can legitimately alter visible dimensions.",characters/poko/detection_candidates/P121_row10_slot09.png
P-R10-C10,poko,ACTIVITIES,eating,eat,"[2, 2, 48, 50]",46,48,1596,1.0213,1.122,1.0,False,excluded_from_upright_scale_fit,"Posture/activity frame excluded from canonical upright fitting because lying, sitting, crouching, jumping, props, or furniture can legitimately alter visible dimensions.",characters/poko/detection_candidates/P122_row10_slot10.png
P-R10-C11,poko,ACTIVITIES,eating,eat,"[2, 2, 49, 50]",47,48,1578,1.0213,1.1463,1.0,False,excluded_from_upright_scale_fit,"Posture/activity frame excluded from canonical upright fitting because lying, sitting, crouching, jumping, props, or furniture can legitimately alter visible dimensions.",characters/poko/detection_candidates/P123_row10_slot11.png
P-R11-C01,poko,ACTIVITIES,music_dance,music,"[2, 2, 42, 51]",40,49,1548,1.0426,0.9756,1.0,False,excluded_from_upright_scale_fit,"Posture/activity frame excluded from canonical upright fitting because lying, sitting, crouching, jumping, props, or furniture can legitimately alter visible dimensions.",characters/poko/detection_candidates/P124_row11_slot01.png
P-R11-C02,poko,ACTIVITIES,music_dance,music,"[2, 2, 46, 50]",44,48,1536,1.0213,1.0732,1.0,False,excluded_from_upright_scale_fit,"Posture/activity frame excluded from canonical upright fitting because lying, sitting, crouching, jumping, props, or furniture can legitimately alter visible dimensions.",characters/poko/detection_candidates/P125_row11_slot02.png
P-R11-C03,poko,ACTIVITIES,music_dance,music,"[2, 2, 49, 52]",47,50,1604,1.0638,1.1463,1.0,False,excluded_from_upright_scale_fit,"Posture/activity frame excluded from canonical upright fitting because lying, sitting, crouching, jumping, props, or furniture can legitimately alter visible dimensions.",characters/poko/detection_candidates/P126_row11_slot03.png
P-R11-C04,poko,ACTIVITIES,music_dance,music,"[2, 2, 48, 52]",46,50,1623,1.0638,1.122,1.0,False,excluded_from_upright_scale_fit,"Posture/activity frame excluded from canonical upright fitting because lying, sitting, crouching, jumping, props, or furniture can legitimately alter visible dimensions.",characters/poko/detection_candidates/P127_row11_slot04.png
P-R11-C05,poko,ACTIVITIES,music_dance,music,"[2, 2, 47, 53]",45,51,1631,1.0851,1.0976,1.0,False,excluded_from_upright_scale_fit,"Posture/activity frame excluded from canonical upright fitting because lying, sitting, crouching, jumping, props, or furniture can legitimately alter visible dimensions.",characters/poko/detection_candidates/P128_row11_slot05.png
P-R11-C06,poko,ACTIVITIES,music_dance,music,"[2, 2, 44, 52]",42,50,1521,1.0638,1.0244,1.0,False,excluded_from_upright_scale_fit,"Posture/activity frame excluded from canonical upright fitting because lying, sitting, crouching, jumping, props, or furniture can legitimately alter visible dimensions.",characters/poko/detection_candidates/P129_row11_slot06.png
P-R11-C07,poko,ACTIVITIES,music_dance,music,"[2, 2, 44, 51]",42,49,1522,1.0426,1.0244,1.0,False,excluded_from_upright_scale_fit,"Posture/activity frame excluded from canonical upright fitting because lying, sitting, crouching, jumping, props, or furniture can legitimately alter visible dimensions.",characters/poko/detection_candidates/P130_row11_slot07.png
P-R11-C08,poko,ACTIVITIES,music_dance,music,"[2, 2, 47, 51]",45,49,1581,1.0426,1.0976,1.0,False,excluded_from_upright_scale_fit,"Posture/activity frame excluded from canonical upright fitting because lying, sitting, crouching, jumping, props, or furniture can legitimately alter visible dimensions.",characters/poko/detection_candidates/P131_row11_slot08.png
P-R11-C09,poko,ACTIVITIES,music_dance,music,"[2, 2, 52, 52]",50,50,1628,1.0638,1.2195,1.0,False,excluded_from_upright_scale_fit,"Posture/activity frame excluded from canonical upright fitting because lying, sitting, crouching, jumping, props, or furniture can legitimately alter visible dimensions.",characters/poko/detection_candidates/P132_row11_slot09.png
P-R11-C10,poko,ACTIVITIES,music_dance,music,"[2, 2, 45, 50]",43,48,1487,1.0213,1.0488,1.0,False,excluded_from_upright_scale_fit,"Posture/activity frame excluded from canonical upright fitting because lying, sitting, crouching, jumping, props, or furniture can legitimately alter visible dimensions.",characters/poko/detection_candidates/P133_row11_slot10.png
P-R11-C11,poko,ACTIVITIES,music_dance,music,"[2, 6, 45, 55]",43,49,1476,1.0426,1.0488,1.0,False,excluded_from_upright_scale_fit,"Posture/activity frame excluded from canonical upright fitting because lying, sitting, crouching, jumping, props, or furniture can legitimately alter visible dimensions.",characters/poko/detection_candidates/P134_row11_slot11.png
P-R11-C12,poko,ACTIVITIES,music_dance,music,"[2, 2, 51, 53]",49,51,1649,1.0851,1.1951,1.0,False,excluded_from_upright_scale_fit,"Posture/activity frame excluded from canonical upright fitting because lying, sitting, crouching, jumping, props, or furniture can legitimately alter visible dimensions.",characters/poko/detection_candidates/P135_row11_slot12.png
P-R12-C01,poko,ACTIVITIES,laptop_reading,laptop_and_reading,"[2, 2, 52, 48]",50,46,1737,0.9787,1.2195,1.0,False,excluded_from_upright_scale_fit,"Posture/activity frame excluded from canonical upright fitting because lying, sitting, crouching, jumping, props, or furniture can legitimately alter visible dimensions.",characters/poko/detection_candidates/P136_row12_slot01.png
P-R12-C02,poko,ACTIVITIES,laptop_reading,laptop_and_reading,"[2, 2, 50, 48]",48,46,1690,0.9787,1.1707,1.0,False,excluded_from_upright_scale_fit,"Posture/activity frame excluded from canonical upright fitting because lying, sitting, crouching, jumping, props, or furniture can legitimately alter visible dimensions.",characters/poko/detection_candidates/P137_row12_slot02.png
P-R12-C03,poko,ACTIVITIES,laptop_reading,laptop_and_reading,"[2, 2, 47, 48]",45,46,1582,0.9787,1.0976,1.0,False,excluded_from_upright_scale_fit,"Posture/activity frame excluded from canonical upright fitting because lying, sitting, crouching, jumping, props, or furniture can legitimately alter visible dimensions.",characters/poko/detection_candidates/P138_row12_slot03.png
P-R12-C04,poko,ACTIVITIES,laptop_reading,laptop_and_reading,"[2, 2, 43, 49]",41,47,1504,1.0,1.0,1.0,False,excluded_from_upright_scale_fit,"Posture/activity frame excluded from canonical upright fitting because lying, sitting, crouching, jumping, props, or furniture can legitimately alter visible dimensions.",characters/poko/detection_candidates/P139_row12_slot04.png
P-R12-C05,poko,ACTIVITIES,laptop_reading,laptop_and_reading,"[2, 2, 45, 49]",43,47,1575,1.0,1.0488,1.0,False,excluded_from_upright_scale_fit,"Posture/activity frame excluded from canonical upright fitting because lying, sitting, crouching, jumping, props, or furniture can legitimately alter visible dimensions.",characters/poko/detection_candidates/P140_row12_slot05.png
P-R12-C06,poko,ACTIVITIES,laptop_reading,laptop_and_reading,"[2, 2, 51, 49]",49,47,1675,1.0,1.1951,1.0,False,excluded_from_upright_scale_fit,"Posture/activity frame excluded from canonical upright fitting because lying, sitting, crouching, jumping, props, or furniture can legitimately alter visible dimensions.",characters/poko/detection_candidates/P141_row12_slot06.png
P-R12-C07,poko,ACTIVITIES,laptop_reading,laptop_and_reading,"[2, 2, 55, 49]",53,47,1796,1.0,1.2927,1.0,False,excluded_from_upright_scale_fit,"Posture/activity frame excluded from canonical upright fitting because lying, sitting, crouching, jumping, props, or furniture can legitimately alter visible dimensions.",characters/poko/detection_candidates/P142_row12_slot07.png
P-R12-C08,poko,ACTIVITIES,laptop_reading,laptop_and_reading,"[2, 2, 52, 49]",50,47,1690,1.0,1.2195,1.0,False,excluded_from_upright_scale_fit,"Posture/activity frame excluded from canonical upright fitting because lying, sitting, crouching, jumping, props, or furniture can legitimately alter visible dimensions.",characters/poko/detection_candidates/P143_row12_slot08.png
P-R12-C09,poko,ACTIVITIES,laptop_reading,laptop_and_reading,"[2, 2, 53, 48]",51,46,1688,0.9787,1.2439,1.0,False,excluded_from_upright_scale_fit,"Posture/activity frame excluded from canonical upright fitting because lying, sitting, crouching, jumping, props, or furniture can legitimately alter visible dimensions.",characters/poko/detection_candidates/P144_row12_slot09.png
P-R12-C10,poko,ACTIVITIES,laptop_reading,laptop_and_reading,"[2, 2, 56, 47]",54,45,1735,0.9574,1.3171,1.0,False,excluded_from_upright_scale_fit,"Posture/activity frame excluded from canonical upright fitting because lying, sitting, crouching, jumping, props, or furniture can legitimately alter visible dimensions.",characters/poko/detection_candidates/P145_row12_slot10.png
P-R13-C01,poko,ACTIVITIES,playing_ball,playing_ball,"[2, 2, 41, 48]",39,46,1437,0.9787,0.9512,1.0,False,excluded_from_upright_scale_fit,"Posture/activity frame excluded from canonical upright fitting because lying, sitting, crouching, jumping, props, or furniture can legitimately alter visible dimensions.",characters/poko/detection_candidates/P146_row13_slot01.png
P-R13-C02,poko,ACTIVITIES,playing_ball,playing_ball,"[2, 2, 49, 48]",47,46,1502,0.9787,1.1463,1.0,False,excluded_from_upright_scale_fit,"Posture/activity frame excluded from canonical upright fitting because lying, sitting, crouching, jumping, props, or furniture can legitimately alter visible dimensions.",characters/poko/detection_candidates/P147_row13_slot02.png
P-R13-C03,poko,ACTIVITIES,playing_ball,playing_ball,"[2, 2, 73, 43]",71,41,1820,0.8723,1.7317,1.0,False,excluded_from_upright_scale_fit,"Posture/activity frame excluded from canonical upright fitting because lying, sitting, crouching, jumping, props, or furniture can legitimately alter visible dimensions.",characters/poko/detection_candidates/P148_row13_slot03.png
P-R13-C04,poko,ACTIVITIES,playing_ball,playing_ball,"[2, 2, 48, 54]",46,52,1667,1.1064,1.122,1.0,False,excluded_from_upright_scale_fit,"Posture/activity frame excluded from canonical upright fitting because lying, sitting, crouching, jumping, props, or furniture can legitimately alter visible dimensions.",characters/poko/detection_candidates/P149_row13_slot04.png
P-R13-C05,poko,ACTIVITIES,playing_ball,playing_ball,"[2, 2, 45, 50]",43,48,1475,1.0213,1.0488,1.0,False,excluded_from_upright_scale_fit,"Posture/activity frame excluded from canonical upright fitting because lying, sitting, crouching, jumping, props, or furniture can legitimately alter visible dimensions.",characters/poko/detection_candidates/P150_row13_slot05.png
P-R13-C06,poko,ACTIVITIES,playing_ball,playing_ball,"[2, 2, 69, 60]",67,58,2022,1.234,1.6341,1.0,False,excluded_from_upright_scale_fit,"Posture/activity frame excluded from canonical upright fitting because lying, sitting, crouching, jumping, props, or furniture can legitimately alter visible dimensions.",characters/poko/detection_candidates/P151_row13_slot06.png
P-R13-C07,poko,ACTIVITIES,playing_ball,playing_ball,"[2, 2, 54, 47]",52,45,1697,0.9574,1.2683,1.0,False,excluded_from_upright_scale_fit,"Posture/activity frame excluded from canonical upright fitting because lying, sitting, crouching, jumping, props, or furniture can legitimately alter visible dimensions.",characters/poko/detection_candidates/P152_row13_slot07.png
P-R13-C08,poko,ACTIVITIES,playing_ball,playing_ball,"[2, 2, 61, 56]",59,54,2012,1.1489,1.439,1.0,False,excluded_from_upright_scale_fit,"Posture/activity frame excluded from canonical upright fitting because lying, sitting, crouching, jumping, props, or furniture can legitimately alter visible dimensions.",characters/poko/detection_candidates/P153_row13_slot08.png
P-R13-C09,poko,ACTIVITIES,playing_ball,playing_ball,"[2, 2, 52, 36]",50,34,1206,0.7234,1.2195,1.0,False,excluded_from_upright_scale_fit,"Posture/activity frame excluded from canonical upright fitting because lying, sitting, crouching, jumping, props, or furniture can legitimately alter visible dimensions.",characters/poko/detection_candidates/P154_row13_slot09.png
P-R13-C10,poko,ACTIVITIES,playing_ball,playing_ball,"[2, 13, 59, 70]",57,57,2011,1.2128,1.3902,1.0,False,excluded_from_upright_scale_fit,"Posture/activity frame excluded from canonical upright fitting because lying, sitting, crouching, jumping, props, or furniture can legitimately alter visible dimensions.",characters/poko/detection_candidates/P155_row13_slot10.png
P-R13-C11,poko,ACTIVITIES,playing_ball,playing_ball,"[2, 2, 59, 56]",57,54,1978,1.1489,1.3902,1.0,False,excluded_from_upright_scale_fit,"Posture/activity frame excluded from canonical upright fitting because lying, sitting, crouching, jumping, props, or furniture can legitimately alter visible dimensions.",characters/poko/detection_candidates/P156_row13_slot11.png
P-R14-C01,poko,ACTIVITIES,peeking_over_edge,peeking,"[2, 2, 48, 46]",46,44,1476,0.9362,1.122,1.0,False,excluded_from_upright_scale_fit,"Posture/activity frame excluded from canonical upright fitting because lying, sitting, crouching, jumping, props, or furniture can legitimately alter visible dimensions.",characters/poko/detection_candidates/P157_row14_slot01.png
P-R14-C02,poko,ACTIVITIES,peeking_over_edge,peeking,"[2, 2, 47, 45]",45,43,1454,0.9149,1.0976,1.0,False,excluded_from_upright_scale_fit,"Posture/activity frame excluded from canonical upright fitting because lying, sitting, crouching, jumping, props, or furniture can legitimately alter visible dimensions.",characters/poko/detection_candidates/P158_row14_slot02.png
P-R14-C03,poko,ACTIVITIES,peeking_over_edge,peeking,"[2, 2, 47, 46]",45,44,1440,0.9362,1.0976,1.0,False,excluded_from_upright_scale_fit,"Posture/activity frame excluded from canonical upright fitting because lying, sitting, crouching, jumping, props, or furniture can legitimately alter visible dimensions.",characters/poko/detection_candidates/P159_row14_slot03.png
P-R14-C04,poko,ACTIVITIES,peeking_over_edge,peeking,"[2, 2, 46, 44]",44,42,1389,0.8936,1.0732,1.0,False,excluded_from_upright_scale_fit,"Posture/activity frame excluded from canonical upright fitting because lying, sitting, crouching, jumping, props, or furniture can legitimately alter visible dimensions.",characters/poko/detection_candidates/P160_row14_slot04.png
P-R14-C05,poko,ACTIVITIES,peeking_over_edge,peeking,"[2, 2, 45, 44]",43,42,1366,0.8936,1.0488,1.0,False,excluded_from_upright_scale_fit,"Posture/activity frame excluded from canonical upright fitting because lying, sitting, crouching, jumping, props, or furniture can legitimately alter visible dimensions.",characters/poko/detection_candidates/P161_row14_slot05.png
P-R14-C06,poko,ACTIVITIES,peeking_over_edge,peeking,"[2, 2, 59, 52]",57,50,1313,1.0638,1.3902,1.0,False,excluded_from_upright_scale_fit,"Posture/activity frame excluded from canonical upright fitting because lying, sitting, crouching, jumping, props, or furniture can legitimately alter visible dimensions.",characters/poko/detection_candidates/P162_row14_slot06.png
P-R14-C07,poko,ACTIVITIES,peeking_over_edge,peeking,"[2, 2, 59, 53]",57,51,1403,1.0851,1.3902,1.0,False,excluded_from_upright_scale_fit,"Posture/activity frame excluded from canonical upright fitting because lying, sitting, crouching, jumping, props, or furniture can legitimately alter visible dimensions.",characters/poko/detection_candidates/P163_row14_slot07.png
P-R14-C08,poko,ACTIVITIES,peeking_over_edge,peeking,"[2, 2, 50, 60]",48,58,1569,1.234,1.1707,1.0,False,excluded_from_upright_scale_fit,"Posture/activity frame excluded from canonical upright fitting because lying, sitting, crouching, jumping, props, or furniture can legitimately alter visible dimensions.",characters/poko/detection_candidates/P164_row14_slot08.png
P-R14-C09,poko,ACTIVITIES,peeking_over_edge,peeking,"[2, 2, 53, 62]",51,60,1634,1.2766,1.2439,1.0,False,excluded_from_upright_scale_fit,"Posture/activity frame excluded from canonical upright fitting because lying, sitting, crouching, jumping, props, or furniture can legitimately alter visible dimensions.",characters/poko/detection_candidates/P165_row14_slot09.png
P-R14-C10,poko,ACTIVITIES,peeking_over_edge,peeking,"[2, 2, 48, 63]",46,61,1573,1.2979,1.122,1.0,False,excluded_from_upright_scale_fit,"Posture/activity frame excluded from canonical upright fitting because lying, sitting, crouching, jumping, props, or furniture can legitimately alter visible dimensions.",characters/poko/detection_candidates/P166_row14_slot10.png
P-R14-C11,poko,ACTIVITIES,peeking_over_edge,peeking,"[2, 2, 44, 54]",42,52,1293,1.1064,1.0244,1.0,False,excluded_from_upright_scale_fit,"Posture/activity frame excluded from canonical upright fitting because lying, sitting, crouching, jumping, props, or furniture can legitimately alter visible dimensions.",characters/poko/detection_candidates/P167_row14_slot11.png
P-R14-C12,poko,ACTIVITIES,peeking_over_edge,peeking,"[2, 2, 50, 54]",48,52,1588,1.1064,1.1707,1.0,False,excluded_from_upright_scale_fit,"Posture/activity frame excluded from canonical upright fitting because lying, sitting, crouching, jumping, props, or furniture can legitimately alter visible dimensions.",characters/poko/detection_candidates/P168_row14_slot12.png
P-R14-C13,poko,ACTIVITIES,furniture_interaction,furniture_activity,"[2, 2, 51, 54]",49,52,1532,1.1064,1.1951,1.0,False,excluded_from_upright_scale_fit,"Posture/activity frame excluded from canonical upright fitting because lying, sitting, crouching, jumping, props, or furniture can legitimately alter visible dimensions.",characters/poko/detection_candidates/P169_row14_slot13.png
P-R15-C01,poko,ACTIVITIES,furniture_interaction,furniture_activity,"[2, 2, 46, 61]",44,59,1540,1.2553,1.0732,1.0,False,excluded_from_upright_scale_fit,"Posture/activity frame excluded from canonical upright fitting because lying, sitting, crouching, jumping, props, or furniture can legitimately alter visible dimensions.",characters/poko/detection_candidates/P170_row15_slot01.png
P-R15-C02,poko,ACTIVITIES,furniture_interaction,furniture_activity,"[2, 2, 47, 59]",45,57,1452,1.2128,1.0976,1.0,False,excluded_from_upright_scale_fit,"Posture/activity frame excluded from canonical upright fitting because lying, sitting, crouching, jumping, props, or furniture can legitimately alter visible dimensions.",characters/poko/detection_candidates/P171_row15_slot02.png
P-R15-C03,poko,ACTIVITIES,furniture_interaction,furniture_activity,"[2, 2, 46, 59]",44,57,1512,1.2128,1.0732,1.0,False,excluded_from_upright_scale_fit,"Posture/activity frame excluded from canonical upright fitting because lying, sitting, crouching, jumping, props, or furniture can legitimately alter visible dimensions.",characters/poko/detection_candidates/P172_row15_slot03.png
P-R15-C04,poko,ACTIVITIES,furniture_interaction,furniture_activity,"[2, 2, 41, 54]",39,52,1435,1.1064,0.9512,1.0,False,excluded_from_upright_scale_fit,"Posture/activity frame excluded from canonical upright fitting because lying, sitting, crouching, jumping, props, or furniture can legitimately alter visible dimensions.",characters/poko/detection_candidates/P173_row15_slot04.png
P-R15-C05,poko,ACTIVITIES,furniture_interaction,furniture_activity,"[2, 2, 44, 48]",42,46,1219,0.9787,1.0244,1.0,False,excluded_from_upright_scale_fit,"Posture/activity frame excluded from canonical upright fitting because lying, sitting, crouching, jumping, props, or furniture can legitimately alter visible dimensions.",characters/poko/detection_candidates/P174_row15_slot05.png
P-R15-C06,poko,ACTIVITIES,furniture_interaction,furniture_activity,"[2, 2, 52, 40]",50,38,984,0.8085,1.2195,1.0,False,excluded_from_upright_scale_fit,"Posture/activity frame excluded from canonical upright fitting because lying, sitting, crouching, jumping, props, or furniture can legitimately alter visible dimensions.",characters/poko/detection_candidates/P175_row15_slot06.png
P-R15-C07,poko,ACTIVITIES,furniture_interaction,furniture_activity,"[2, 2, 45, 44]",43,42,1193,0.8936,1.0488,1.0,False,excluded_from_upright_scale_fit,"Posture/activity frame excluded from canonical upright fitting because lying, sitting, crouching, jumping, props, or furniture can legitimately alter visible dimensions.",characters/poko/detection_candidates/P176_row15_slot07.png
P-R15-C08,poko,ACTIVITIES,furniture_interaction,furniture_activity,"[2, 2, 46, 48]",44,46,1275,0.9787,1.0732,1.0,False,excluded_from_upright_scale_fit,"Posture/activity frame excluded from canonical upright fitting because lying, sitting, crouching, jumping, props, or furniture can legitimately alter visible dimensions.",characters/poko/detection_candidates/P177_row15_slot08.png
P-R15-C09,poko,ACTIVITIES,furniture_interaction,furniture_activity,"[2, 2, 53, 42]",51,40,1052,0.8511,1.2439,1.0,False,excluded_from_upright_scale_fit,"Posture/activity frame excluded from canonical upright fitting because lying, sitting, crouching, jumping, props, or furniture can legitimately alter visible dimensions.",characters/poko/detection_candidates/P178_row15_slot09.png
P-R15-C10,poko,ACTIVITIES,furniture_interaction,furniture_activity,"[2, 2, 53, 41]",51,39,1020,0.8298,1.2439,1.0,False,excluded_from_upright_scale_fit,"Posture/activity frame excluded from canonical upright fitting because lying, sitting, crouching, jumping, props, or furniture can legitimately alter visible dimensions.",characters/poko/detection_candidates/P179_row15_slot10.png
P-R16-C01,poko,ACTIVITIES,furniture_interaction,furniture_activity,"[2, 2, 46, 49]",44,47,1560,1.0,1.0732,1.0,False,excluded_from_upright_scale_fit,"Posture/activity frame excluded from canonical upright fitting because lying, sitting, crouching, jumping, props, or furniture can legitimately alter visible dimensions.",characters/poko/detection_candidates/P180_row16_slot01.png
P-R16-C02,poko,POSTURE_TRANSITIONS,drowsy_to_sleep,sleep_transition,"[2, 2, 47, 49]",45,47,1588,1.0,1.0976,1.0,False,excluded_from_upright_scale_fit,"Posture/activity frame excluded from canonical upright fitting because lying, sitting, crouching, jumping, props, or furniture can legitimately alter visible dimensions.",characters/poko/detection_candidates/P181_row16_slot02.png
P-R16-C03,poko,POSTURE_TRANSITIONS,drowsy_to_sleep,sleep_transition,"[2, 2, 48, 49]",46,47,1572,1.0,1.122,1.0,False,excluded_from_upright_scale_fit,"Posture/activity frame excluded from canonical upright fitting because lying, sitting, crouching, jumping, props, or furniture can legitimately alter visible dimensions.",characters/poko/detection_candidates/P182_row16_slot03.png
P-R16-C04,poko,POSTURE_TRANSITIONS,drowsy_to_sleep,sleep_transition,"[2, 2, 43, 44]",41,42,1383,0.8936,1.0,1.0,False,excluded_from_upright_scale_fit,"Posture/activity frame excluded from canonical upright fitting because lying, sitting, crouching, jumping, props, or furniture can legitimately alter visible dimensions.",characters/poko/detection_candidates/P183_row16_slot04.png
P-R16-C05,poko,POSTURE_TRANSITIONS,drowsy_to_sleep,sleep_transition,"[2, 12, 44, 54]",42,42,1406,0.8936,1.0244,1.0,False,excluded_from_upright_scale_fit,"Posture/activity frame excluded from canonical upright fitting because lying, sitting, crouching, jumping, props, or furniture can legitimately alter visible dimensions.",characters/poko/detection_candidates/P184_row16_slot05.png
P-R16-C06,poko,POSTURE_TRANSITIONS,drowsy_to_sleep,sleep_transition,"[2, 9, 44, 53]",42,44,1442,0.9362,1.0244,1.0,False,excluded_from_upright_scale_fit,"Posture/activity frame excluded from canonical upright fitting because lying, sitting, crouching, jumping, props, or furniture can legitimately alter visible dimensions.",characters/poko/detection_candidates/P185_row16_slot06.png
P-R16-C07,poko,POSTURE_TRANSITIONS,drowsy_to_sleep,sleep_transition,"[2, 2, 43, 41]",41,39,1305,0.8298,1.0,1.0,False,excluded_from_upright_scale_fit,"Posture/activity frame excluded from canonical upright fitting because lying, sitting, crouching, jumping, props, or furniture can legitimately alter visible dimensions.",characters/poko/detection_candidates/P186_row16_slot07.png
P-R16-C08,poko,POSTURE_TRANSITIONS,drowsy_to_sleep,sleep_transition,"[2, 2, 49, 38]",47,36,1381,0.766,1.1463,1.0,False,excluded_from_upright_scale_fit,"Posture/activity frame excluded from canonical upright fitting because lying, sitting, crouching, jumping, props, or furniture can legitimately alter visible dimensions.",characters/poko/detection_candidates/P187_row16_slot08.png
P-R16-C09,poko,POSTURE_TRANSITIONS,drowsy_to_sleep,sleep_transition,"[2, 2, 43, 35]",41,33,1188,0.7021,1.0,1.0,False,excluded_from_upright_scale_fit,"Posture/activity frame excluded from canonical upright fitting because lying, sitting, crouching, jumping, props, or furniture can legitimately alter visible dimensions.",characters/poko/detection_candidates/P188_row16_slot09.png
P-R16-C10,poko,SLEEP,lying_sleep,sleep_loop,"[2, 2, 58, 34]",56,32,1409,0.6809,1.3659,1.0,False,excluded_from_upright_scale_fit,"Posture/activity frame excluded from canonical upright fitting because lying, sitting, crouching, jumping, props, or furniture can legitimately alter visible dimensions.",characters/poko/detection_candidates/P189_row16_slot10.png
P-R16-C11,poko,SLEEP,lying_sleep,sleep_loop,"[2, 2, 58, 34]",56,32,1413,0.6809,1.3659,1.0,False,excluded_from_upright_scale_fit,"Posture/activity frame excluded from canonical upright fitting because lying, sitting, crouching, jumping, props, or furniture can legitimately alter visible dimensions.",characters/poko/detection_candidates/P190_row16_slot11.png
P-R16-C12,poko,SLEEP,lying_sleep,sleep_loop,"[2, 2, 58, 34]",56,32,1414,0.6809,1.3659,1.0,False,excluded_from_upright_scale_fit,"Posture/activity frame excluded from canonical upright fitting because lying, sitting, crouching, jumping, props, or furniture can legitimately alter visible dimensions.",characters/poko/detection_candidates/P191_row16_slot12.png
P-R16-C13,poko,SLEEP,lying_sleep,sleep_loop,"[2, 2, 62, 33]",60,31,1451,0.6596,1.4634,1.0,False,excluded_from_upright_scale_fit,"Posture/activity frame excluded from canonical upright fitting because lying, sitting, crouching, jumping, props, or furniture can legitimately alter visible dimensions.",characters/poko/detection_candidates/P192_row16_slot13.png
L-R01-C01,loko,IDLE,front_idle_and_blink,idle_front,"[2, 2, 45, 48]",43,46,1565,1.0,1.0238,1.0,False,within_canonical_band,Perceived body scale is consistent; no resampling required.,characters/loko/detection_candidates/L001_row01_slot01.png
L-R01-C02,loko,IDLE,front_idle_and_blink,idle_front,"[2, 2, 44, 48]",42,46,1545,1.0,1.0,1.0,False,within_canonical_band,Perceived body scale is consistent; no resampling required.,characters/loko/detection_candidates/L002_row01_slot02.png
L-R01-C03,loko,IDLE,front_idle_and_blink,idle_front,"[2, 2, 44, 49]",42,47,1540,1.0217,1.0,1.0,False,within_canonical_band,Perceived body scale is consistent; no resampling required.,characters/loko/detection_candidates/L003_row01_slot03.png
L-R01-C04,loko,IDLE,front_idle_and_blink,idle_front,"[2, 2, 47, 49]",45,47,1605,1.0217,1.0714,1.0,False,within_canonical_band,Perceived body scale is consistent; no resampling required.,characters/loko/detection_candidates/L004_row01_slot04.png
L-R01-C05,loko,IDLE,front_idle_and_blink,idle_front,"[2, 2, 48, 49]",46,47,1581,1.0217,1.0952,1.0,False,within_canonical_band,Perceived body scale is consistent; no resampling required.,characters/loko/detection_candidates/L005_row01_slot05.png
L-R01-C06,loko,IDLE,front_idle_and_blink,idle_front,"[2, 2, 45, 49]",43,47,1565,1.0217,1.0238,1.0,False,within_canonical_band,Perceived body scale is consistent; no resampling required.,characters/loko/detection_candidates/L006_row01_slot06.png
L-R01-C07,loko,IDLE,front_idle_and_blink,idle_front,"[2, 2, 44, 49]",42,47,1540,1.0217,1.0,1.0,False,within_canonical_band,Perceived body scale is consistent; no resampling required.,characters/loko/detection_candidates/L007_row01_slot07.png
L-R01-C08,loko,IDLE,front_idle_and_blink,idle_front,"[2, 2, 45, 48]",43,46,1530,1.0,1.0238,1.0,False,within_canonical_band,Perceived body scale is consistent; no resampling required.,characters/loko/detection_candidates/L008_row01_slot08.png
L-R01-C09,loko,LOCOMOTION,side_walk_or_shuffle,locomotion_side,"[2, 2, 45, 48]",43,46,1524,1.0,1.0238,1.0,False,within_canonical_band,Perceived body scale is consistent; no resampling required.,characters/loko/detection_candidates/L009_row01_slot09.png
L-R01-C10,loko,LOCOMOTION,side_walk_or_shuffle,locomotion_side,"[2, 2, 46, 49]",44,47,1550,1.0217,1.0476,1.0,False,within_canonical_band,Perceived body scale is consistent; no resampling required.,characters/loko/detection_candidates/L010_row01_slot10.png
L-R01-C11,loko,LOCOMOTION,side_walk_or_shuffle,locomotion_side,"[2, 2, 44, 49]",42,47,1557,1.0217,1.0,1.0,False,within_canonical_band,Perceived body scale is consistent; no resampling required.,characters/loko/detection_candidates/L011_row01_slot11.png
L-R02-C01,loko,LOCOMOTION,side_walk_or_shuffle,locomotion_side,"[2, 2, 45, 48]",43,46,1553,1.0,1.0238,1.0,False,within_canonical_band,Perceived body scale is consistent; no resampling required.,characters/loko/detection_candidates/L012_row02_slot01.png
L-R02-C02,loko,LOCOMOTION,side_walk_or_shuffle,locomotion_side,"[2, 2, 45, 49]",43,47,1565,1.0217,1.0238,1.0,False,within_canonical_band,Perceived body scale is consistent; no resampling required.,characters/loko/detection_candidates/L013_row02_slot02.png
L-R02-C03,loko,LOCOMOTION,side_walk_or_shuffle,locomotion_side,"[2, 2, 48, 48]",46,46,1608,1.0,1.0952,1.0,False,within_canonical_band,Perceived body scale is consistent; no resampling required.,characters/loko/detection_candidates/L014_row02_slot03.png
L-R02-C04,loko,LOCOMOTION,side_walk_or_shuffle,locomotion_side,"[2, 2, 49, 48]",47,46,1605,1.0,1.119,1.0,False,within_canonical_band,Perceived body scale is consistent; no resampling required.,characters/loko/detection_candidates/L015_row02_slot04.png
L-R02-C05,loko,LOCOMOTION,side_walk_or_shuffle,locomotion_side,"[2, 2, 51, 48]",49,46,1619,1.0,1.1667,1.0,False,within_canonical_band,Perceived body scale is consistent; no resampling required.,characters/loko/detection_candidates/L016_row02_slot05.png
L-R02-C06,loko,LOCOMOTION,side_walk_or_shuffle,locomotion_side,"[2, 2, 50, 48]",48,46,1614,1.0,1.1429,1.0,False,within_canonical_band,Perceived body scale is consistent; no resampling required.,characters/loko/detection_candidates/L017_row02_slot06.png
L-R02-C07,loko,LOCOMOTION,side_walk_or_shuffle,locomotion_side,"[2, 2, 50, 48]",48,46,1572,1.0,1.1429,1.0,False,within_canonical_band,Perceived body scale is consistent; no resampling required.,characters/loko/detection_candidates/L018_row02_slot07.png
L-R02-C08,loko,POSTURE_TRANSITIONS,turn_lower_sit,stand_to_sit,"[2, 2, 44, 48]",42,46,1491,1.0,1.0,1.0,False,excluded_from_upright_scale_fit,"Posture/activity frame excluded from canonical upright fitting because lying, sitting, crouching, jumping, props, or furniture can legitimately alter visible dimensions.",characters/loko/detection_candidates/L019_row02_slot08.png
L-R02-C09,loko,POSTURE_TRANSITIONS,turn_lower_sit,stand_to_sit,"[2, 2, 45, 48]",43,46,1511,1.0,1.0238,1.0,False,excluded_from_upright_scale_fit,"Posture/activity frame excluded from canonical upright fitting because lying, sitting, crouching, jumping, props, or furniture can legitimately alter visible dimensions.",characters/loko/detection_candidates/L020_row02_slot09.png
L-R02-C10,loko,POSTURE_TRANSITIONS,turn_lower_sit,stand_to_sit,"[2, 2, 50, 47]",48,45,1565,0.9783,1.1429,1.0,False,excluded_from_upright_scale_fit,"Posture/activity frame excluded from canonical upright fitting because lying, sitting, crouching, jumping, props, or furniture can legitimately alter visible dimensions.",characters/loko/detection_candidates/L021_row02_slot10.png
L-R02-C11,loko,POSTURE_TRANSITIONS,turn_lower_sit,stand_to_sit,"[2, 2, 48, 46]",46,44,1508,0.9565,1.0952,1.0,False,excluded_from_upright_scale_fit,"Posture/activity frame excluded from canonical upright fitting because lying, sitting, crouching, jumping, props, or furniture can legitimately alter visible dimensions.",characters/loko/detection_candidates/L022_row02_slot11.png
L-R02-C12,loko,POSTURE_TRANSITIONS,turn_lower_sit,stand_to_sit,"[2, 2, 48, 45]",46,43,1503,0.9348,1.0952,1.0,False,excluded_from_upright_scale_fit,"Posture/activity frame excluded from canonical upright fitting because lying, sitting, crouching, jumping, props, or furniture can legitimately alter visible dimensions.",characters/loko/detection_candidates/L023_row02_slot12.png
L-R02-C13,loko,POSTURE_TRANSITIONS,turn_lower_sit,stand_to_sit,"[2, 2, 47, 48]",45,46,1556,1.0,1.0714,1.0,False,excluded_from_upright_scale_fit,"Posture/activity frame excluded from canonical upright fitting because lying, sitting, crouching, jumping, props, or furniture can legitimately alter visible dimensions.",characters/loko/detection_candidates/L024_row02_slot13.png
L-R03-C01,loko,POSTURE_TRANSITIONS,turn_lower_sit,stand_to_sit,"[2, 2, 47, 46]",45,44,1527,0.9565,1.0714,1.0,False,excluded_from_upright_scale_fit,"Posture/activity frame excluded from canonical upright fitting because lying, sitting, crouching, jumping, props, or furniture can legitimately alter visible dimensions.",characters/loko/detection_candidates/L025_row03_slot01.png
L-R03-C02,loko,POSTURE_TRANSITIONS,turn_lower_sit,stand_to_sit,"[2, 2, 48, 49]",46,47,1597,1.0217,1.0952,1.0,False,excluded_from_upright_scale_fit,"Posture/activity frame excluded from canonical upright fitting because lying, sitting, crouching, jumping, props, or furniture can legitimately alter visible dimensions.",characters/loko/detection_candidates/L026_row03_slot02.png
L-R03-C03,loko,POSTURE_TRANSITIONS,turn_lower_sit,stand_to_sit,"[2, 2, 46, 48]",44,46,1535,1.0,1.0476,1.0,False,excluded_from_upright_scale_fit,"Posture/activity frame excluded from canonical upright fitting because lying, sitting, crouching, jumping, props, or furniture can legitimately alter visible dimensions.",characters/loko/detection_candidates/L027_row03_slot03.png
L-R03-C04,loko,POSTURE_TRANSITIONS,turn_lower_sit,stand_to_sit,"[2, 2, 49, 49]",47,47,1512,1.0217,1.119,1.0,False,excluded_from_upright_scale_fit,"Posture/activity frame excluded from canonical upright fitting because lying, sitting, crouching, jumping, props, or furniture can legitimately alter visible dimensions.",characters/loko/detection_candidates/L028_row03_slot04.png
L-R03-C05,loko,POSTURE_TRANSITIONS,turn_lower_sit,stand_to_sit,"[2, 2, 53, 49]",51,47,1687,1.0217,1.2143,1.0,False,excluded_from_upright_scale_fit,"Posture/activity frame excluded from canonical upright fitting because lying, sitting, crouching, jumping, props, or furniture can legitimately alter visible dimensions.",characters/loko/detection_candidates/L029_row03_slot05.png
L-R03-C06,loko,POSTURE_TRANSITIONS,turn_lower_sit,stand_to_sit,"[2, 2, 54, 47]",52,45,1598,0.9783,1.2381,1.0,False,excluded_from_upright_scale_fit,"Posture/activity frame excluded from canonical upright fitting because lying, sitting, crouching, jumping, props, or furniture can legitimately alter visible dimensions.",characters/loko/detection_candidates/L030_row03_slot06.png
L-R03-C07,loko,POSTURE_TRANSITIONS,turn_lower_sit,stand_to_sit,"[2, 2, 53, 46]",51,44,1547,0.9565,1.2143,1.0,False,excluded_from_upright_scale_fit,"Posture/activity frame excluded from canonical upright fitting because lying, sitting, crouching, jumping, props, or furniture can legitimately alter visible dimensions.",characters/loko/detection_candidates/L031_row03_slot07.png
L-R03-C08,loko,POSTURE_TRANSITIONS,lying_and_curling,sit_to_lie,"[2, 2, 46, 48]",44,46,1490,1.0,1.0476,1.0,False,excluded_from_upright_scale_fit,"Posture/activity frame excluded from canonical upright fitting because lying, sitting, crouching, jumping, props, or furniture can legitimately alter visible dimensions.",characters/loko/detection_candidates/L032_row03_slot08.png
L-R03-C09,loko,POSTURE_TRANSITIONS,lying_and_curling,sit_to_lie,"[2, 2, 53, 45]",51,43,1528,0.9348,1.2143,1.0,False,excluded_from_upright_scale_fit,"Posture/activity frame excluded from canonical upright fitting because lying, sitting, crouching, jumping, props, or furniture can legitimately alter visible dimensions.",characters/loko/detection_candidates/L033_row03_slot09.png
L-R03-C10,loko,POSTURE_TRANSITIONS,lying_and_curling,sit_to_lie,"[2, 2, 57, 41]",55,39,1501,0.8478,1.3095,1.0,False,excluded_from_upright_scale_fit,"Posture/activity frame excluded from canonical upright fitting because lying, sitting, crouching, jumping, props, or furniture can legitimately alter visible dimensions.",characters/loko/detection_candidates/L034_row03_slot10.png
L-R03-C11,loko,POSTURE_TRANSITIONS,lying_and_curling,sit_to_lie,"[2, 2, 49, 38]",47,36,1354,0.7826,1.119,1.0,False,excluded_from_upright_scale_fit,"Posture/activity frame excluded from canonical upright fitting because lying, sitting, crouching, jumping, props, or furniture can legitimately alter visible dimensions.",characters/loko/detection_candidates/L035_row03_slot11.png
L-R03-C12,loko,POSTURE_TRANSITIONS,lying_and_curling,sit_to_lie,"[2, 2, 48, 38]",46,36,1311,0.7826,1.0952,1.0,False,excluded_from_upright_scale_fit,"Posture/activity frame excluded from canonical upright fitting because lying, sitting, crouching, jumping, props, or furniture can legitimately alter visible dimensions.",characters/loko/detection_candidates/L036_row03_slot12.png
L-R03-C13,loko,POSTURE_TRANSITIONS,lying_and_curling,sit_to_lie,"[2, 2, 55, 40]",53,38,1517,0.8261,1.2619,1.0,False,excluded_from_upright_scale_fit,"Posture/activity frame excluded from canonical upright fitting because lying, sitting, crouching, jumping, props, or furniture can legitimately alter visible dimensions.",characters/loko/detection_candidates/L037_row03_slot13.png
L-R04-C01,loko,POSTURE_TRANSITIONS,lying_and_curling,sit_to_lie,"[2, 2, 47, 48]",45,46,1575,1.0,1.0714,1.0,False,excluded_from_upright_scale_fit,"Posture/activity frame excluded from canonical upright fitting because lying, sitting, crouching, jumping, props, or furniture can legitimately alter visible dimensions.",characters/loko/detection_candidates/L038_row04_slot01.png
L-R04-C02,loko,POSTURE_TRANSITIONS,lying_and_curling,sit_to_lie,"[2, 2, 48, 48]",46,46,1600,1.0,1.0952,1.0,False,excluded_from_upright_scale_fit,"Posture/activity frame excluded from canonical upright fitting because lying, sitting, crouching, jumping, props, or furniture can legitimately alter visible dimensions.",characters/loko/detection_candidates/L039_row04_slot02.png
L-R04-C03,loko,POSTURE_TRANSITIONS,lying_and_curling,sit_to_lie,"[2, 2, 50, 47]",48,45,1563,0.9783,1.1429,1.0,False,excluded_from_upright_scale_fit,"Posture/activity frame excluded from canonical upright fitting because lying, sitting, crouching, jumping, props, or furniture can legitimately alter visible dimensions.",characters/loko/detection_candidates/L040_row04_slot03.png
L-R04-C04,loko,POSTURE_TRANSITIONS,lying_and_curling,sit_to_lie,"[2, 2, 47, 48]",45,46,1536,1.0,1.0714,1.0,False,excluded_from_upright_scale_fit,"Posture/activity frame excluded from canonical upright fitting because lying, sitting, crouching, jumping, props, or furniture can legitimately alter visible dimensions.",characters/loko/detection_candidates/L041_row04_slot04.png
L-R04-C05,loko,POSTURE_TRANSITIONS,lying_and_curling,sit_to_lie,"[2, 2, 48, 48]",46,46,1553,1.0,1.0952,1.0,False,excluded_from_upright_scale_fit,"Posture/activity frame excluded from canonical upright fitting because lying, sitting, crouching, jumping, props, or furniture can legitimately alter visible dimensions.",characters/loko/detection_candidates/L042_row04_slot05.png
L-R04-C06,loko,POSTURE_TRANSITIONS,lying_and_curling,sit_to_lie,"[2, 2, 49, 49]",47,47,1594,1.0217,1.119,1.0,False,excluded_from_upright_scale_fit,"Posture/activity frame excluded from canonical upright fitting because lying, sitting, crouching, jumping, props, or furniture can legitimately alter visible dimensions.",characters/loko/detection_candidates/L043_row04_slot06.png
L-R04-C07,loko,POSTURE_TRANSITIONS,lying_and_curling,sit_to_lie,"[2, 2, 50, 49]",48,47,1642,1.0217,1.1429,1.0,False,excluded_from_upright_scale_fit,"Posture/activity frame excluded from canonical upright fitting because lying, sitting, crouching, jumping, props, or furniture can legitimately alter visible dimensions.",characters/loko/detection_candidates/L044_row04_slot07.png
L-R04-C08,loko,POSTURE_TRANSITIONS,lying_and_curling,sit_to_lie,"[2, 2, 47, 45]",45,43,1459,0.9348,1.0714,1.0,False,excluded_from_upright_scale_fit,"Posture/activity frame excluded from canonical upright fitting because lying, sitting, crouching, jumping, props, or furniture can legitimately alter visible dimensions.",characters/loko/detection_candidates/L045_row04_slot08.png
L-R04-C09,loko,POSTURE_TRANSITIONS,lying_and_curling,sit_to_lie,"[2, 2, 48, 37]",46,35,1247,0.7609,1.0952,1.0,False,excluded_from_upright_scale_fit,"Posture/activity frame excluded from canonical upright fitting because lying, sitting, crouching, jumping, props, or furniture can legitimately alter visible dimensions.",characters/loko/detection_candidates/L046_row04_slot09.png
L-R04-C10,loko,POSTURE_TRANSITIONS,lying_and_curling,sit_to_lie,"[2, 2, 48, 35]",46,33,1224,0.7174,1.0952,1.0,False,excluded_from_upright_scale_fit,"Posture/activity frame excluded from canonical upright fitting because lying, sitting, crouching, jumping, props, or furniture can legitimately alter visible dimensions.",characters/loko/detection_candidates/L047_row04_slot10.png
L-R04-C11,loko,SLEEP,sleeping_with_symbols,sleep_loop,"[2, 21, 60, 51]",58,30,1333,0.6522,1.381,1.0,False,excluded_from_upright_scale_fit,"Posture/activity frame excluded from canonical upright fitting because lying, sitting, crouching, jumping, props, or furniture can legitimately alter visible dimensions.",characters/loko/detection_candidates/L048_row04_slot11.png
L-R04-C12,loko,SLEEP,sleeping_with_symbols,sleep_loop,"[2, 26, 59, 55]",57,29,1281,0.6304,1.3571,1.0,False,excluded_from_upright_scale_fit,"Posture/activity frame excluded from canonical upright fitting because lying, sitting, crouching, jumping, props, or furniture can legitimately alter visible dimensions.",characters/loko/detection_candidates/L049_row04_slot12.png
L-R04-C13,loko,SLEEP,sleeping_with_symbols,sleep_loop,"[2, 25, 48, 55]",46,30,1036,0.6522,1.0952,1.0,False,excluded_from_upright_scale_fit,"Posture/activity frame excluded from canonical upright fitting because lying, sitting, crouching, jumping, props, or furniture can legitimately alter visible dimensions.",characters/loko/detection_candidates/L050_row04_slot13.png
L-R05-C01,loko,POSTURE_TRANSITIONS,wake_or_rise,wake_up_or_lie_to_sit,"[2, 2, 46, 55]",44,53,1599,1.1522,1.0476,1.0,False,excluded_from_upright_scale_fit,"Posture/activity frame excluded from canonical upright fitting because lying, sitting, crouching, jumping, props, or furniture can legitimately alter visible dimensions.",characters/loko/detection_candidates/L051_row05_slot01.png
L-R05-C02,loko,POSTURE_TRANSITIONS,wake_or_rise,wake_up_or_lie_to_sit,"[2, 2, 53, 47]",51,45,1562,0.9783,1.2143,1.0,False,excluded_from_upright_scale_fit,"Posture/activity frame excluded from canonical upright fitting because lying, sitting, crouching, jumping, props, or furniture can legitimately alter visible dimensions.",characters/loko/detection_candidates/L052_row05_slot02.png
L-R05-C03,loko,POSTURE_TRANSITIONS,wake_or_rise,wake_up_or_lie_to_sit,"[2, 2, 56, 46]",54,44,1631,0.9565,1.2857,1.0,False,excluded_from_upright_scale_fit,"Posture/activity frame excluded from canonical upright fitting because lying, sitting, crouching, jumping, props, or furniture can legitimately alter visible dimensions.",characters/loko/detection_candidates/L053_row05_slot03.png
L-R05-C04,loko,POSTURE_TRANSITIONS,wake_or_rise,wake_up_or_lie_to_sit,"[2, 2, 56, 40]",54,38,1457,0.8261,1.2857,1.0,False,excluded_from_upright_scale_fit,"Posture/activity frame excluded from canonical upright fitting because lying, sitting, crouching, jumping, props, or furniture can legitimately alter visible dimensions.",characters/loko/detection_candidates/L054_row05_slot04.png
L-R05-C05,loko,POSTURE_TRANSITIONS,wake_or_rise,wake_up_or_lie_to_sit,"[2, 2, 54, 39]",52,37,1343,0.8043,1.2381,1.0,False,excluded_from_upright_scale_fit,"Posture/activity frame excluded from canonical upright fitting because lying, sitting, crouching, jumping, props, or furniture can legitimately alter visible dimensions.",characters/loko/detection_candidates/L055_row05_slot05.png
L-R05-C06,loko,POSTURE_TRANSITIONS,wake_or_rise,wake_up_or_lie_to_sit,"[2, 2, 51, 40]",49,38,1363,0.8261,1.1667,1.0,False,excluded_from_upright_scale_fit,"Posture/activity frame excluded from canonical upright fitting because lying, sitting, crouching, jumping, props, or furniture can legitimately alter visible dimensions.",characters/loko/detection_candidates/L056_row05_slot06.png
L-R05-C07,loko,POSTURE_TRANSITIONS,wake_or_rise,wake_up_or_lie_to_sit,"[2, 2, 51, 42]",49,40,1422,0.8696,1.1667,1.0,False,excluded_from_upright_scale_fit,"Posture/activity frame excluded from canonical upright fitting because lying, sitting, crouching, jumping, props, or furniture can legitimately alter visible dimensions.",characters/loko/detection_candidates/L057_row05_slot07.png
L-R05-C08,loko,POSTURE_TRANSITIONS,wake_or_rise,wake_up_or_lie_to_sit,"[2, 2, 45, 41]",43,39,1298,0.8478,1.0238,1.0,False,excluded_from_upright_scale_fit,"Posture/activity frame excluded from canonical upright fitting because lying, sitting, crouching, jumping, props, or furniture can legitimately alter visible dimensions.",characters/loko/detection_candidates/L058_row05_slot08.png
L-R05-C09,loko,POSTURE_TRANSITIONS,wake_or_rise,wake_up_or_lie_to_sit,"[2, 2, 57, 37]",55,35,1353,0.7609,1.3095,1.0,False,excluded_from_upright_scale_fit,"Posture/activity frame excluded from canonical upright fitting because lying, sitting, crouching, jumping, props, or furniture can legitimately alter visible dimensions.",characters/loko/detection_candidates/L059_row05_slot09.png
L-R05-C10,loko,POSTURE_TRANSITIONS,wake_or_rise,wake_up_or_lie_to_sit,"[2, 2, 49, 40]",47,38,1298,0.8261,1.119,1.0,False,excluded_from_upright_scale_fit,"Posture/activity frame excluded from canonical upright fitting because lying, sitting, crouching, jumping, props, or furniture can legitimately alter visible dimensions.",characters/loko/detection_candidates/L060_row05_slot10.png
L-R05-C11,loko,POSTURE_TRANSITIONS,wake_or_rise,wake_up_or_lie_to_sit,"[2, 2, 50, 39]",48,37,1348,0.8043,1.1429,1.0,False,excluded_from_upright_scale_fit,"Posture/activity frame excluded from canonical upright fitting because lying, sitting, crouching, jumping, props, or furniture can legitimately alter visible dimensions.",characters/loko/detection_candidates/L061_row05_slot11.png
L-R05-C12,loko,POSTURE_TRANSITIONS,wake_or_rise,wake_up_or_lie_to_sit,"[2, 2, 49, 40]",47,38,1334,0.8261,1.119,1.0,False,excluded_from_upright_scale_fit,"Posture/activity frame excluded from canonical upright fitting because lying, sitting, crouching, jumping, props, or furniture can legitimately alter visible dimensions.",characters/loko/detection_candidates/L062_row05_slot12.png
L-R06-C01,loko,POSTURE_TRANSITIONS,wake_or_rise,wake_up_or_lie_to_sit,"[2, 2, 43, 50]",41,48,1571,1.0435,0.9762,1.0,False,excluded_from_upright_scale_fit,"Posture/activity frame excluded from canonical upright fitting because lying, sitting, crouching, jumping, props, or furniture can legitimately alter visible dimensions.",characters/loko/detection_candidates/L063_row06_slot01.png
L-R06-C02,loko,POSTURE_TRANSITIONS,wake_or_rise,wake_up_or_lie_to_sit,"[2, 2, 44, 50]",42,48,1589,1.0435,1.0,1.0,False,excluded_from_upright_scale_fit,"Posture/activity frame excluded from canonical upright fitting because lying, sitting, crouching, jumping, props, or furniture can legitimately alter visible dimensions.",characters/loko/detection_candidates/L064_row06_slot02.png
L-R06-C03,loko,EMOTIONS,love_happy,love_reaction,"[2, 2, 44, 50]",42,48,1574,1.0435,1.0,1.0,False,within_canonical_band,Perceived body scale is consistent; no resampling required.,characters/loko/detection_candidates/L065_row06_slot03.png
L-R06-C04,loko,EMOTIONS,love_happy,love_reaction,"[2, 9, 49, 49]",47,40,1448,0.8696,1.119,1.0,False,intentional_pose_variation_or_manual_review,"Outside the conservative upright-height review band, but preserved at source scale. The visual pose shows likely intentional squash, extension, expression, or orientation change.",characters/loko/detection_candidates/L066_row06_slot04.png
L-R06-C05,loko,EMOTIONS,love_happy,love_reaction,"[16, 6, 59, 48]",43,42,1426,0.913,1.0238,1.0,False,within_canonical_band,Perceived body scale is consistent; no resampling required.,characters/loko/detection_candidates/L067_row06_slot05.png
L-R06-C06,loko,EMOTIONS,love_happy,love_reaction,"[15, 5, 61, 46]",46,41,1475,0.8913,1.0952,1.0,False,intentional_pose_variation_or_manual_review,"Outside the conservative upright-height review band, but preserved at source scale. The visual pose shows likely intentional squash, extension, expression, or orientation change.",characters/loko/detection_candidates/L068_row06_slot06.png
L-R06-C07,loko,EMOTIONS,love_happy,love_reaction,"[11, 5, 58, 46]",47,41,1468,0.8913,1.119,1.0,False,intentional_pose_variation_or_manual_review,"Outside the conservative upright-height review band, but preserved at source scale. The visual pose shows likely intentional squash, extension, expression, or orientation change.",characters/loko/detection_candidates/L069_row06_slot07.png
L-R06-C08,loko,EMOTIONS,love_happy,love_reaction,"[2, 3, 47, 45]",45,42,1461,0.913,1.0714,1.0,False,within_canonical_band,Perceived body scale is consistent; no resampling required.,characters/loko/detection_candidates/L070_row06_slot08.png
L-R06-C09,loko,EMOTIONS,love_happy,love_reaction,"[2, 2, 45, 45]",43,43,1398,0.9348,1.0238,1.0,False,within_canonical_band,Perceived body scale is consistent; no resampling required.,characters/loko/detection_candidates/L071_row06_slot09.png
L-R06-C10,loko,EMOTIONS,love_happy,love_reaction,"[2, 2, 43, 45]",41,43,1411,0.9348,0.9762,1.0,False,within_canonical_band,Perceived body scale is consistent; no resampling required.,characters/loko/detection_candidates/L072_row06_slot10.png
L-R06-C11,loko,EMOTIONS,annoyed_angry,annoyed_reaction,"[2, 2, 44, 45]",42,43,1460,0.9348,1.0,1.0,False,within_canonical_band,Perceived body scale is consistent; no resampling required.,characters/loko/detection_candidates/L073_row06_slot11.png
L-R06-C12,loko,EMOTIONS,annoyed_angry,annoyed_reaction,"[2, 2, 43, 46]",41,44,1436,0.9565,0.9762,1.0,False,within_canonical_band,Perceived body scale is consistent; no resampling required.,characters/loko/detection_candidates/L074_row06_slot12.png
L-R06-C13,loko,EMOTIONS,annoyed_angry,annoyed_reaction,"[2, 2, 44, 49]",42,47,1530,1.0217,1.0,1.0,False,within_canonical_band,Perceived body scale is consistent; no resampling required.,characters/loko/detection_candidates/L075_row06_slot13.png
L-R07-C01,loko,EMOTIONS,annoyed_angry,annoyed_reaction,"[2, 2, 44, 46]",42,44,1434,0.9565,1.0,1.0,False,within_canonical_band,Perceived body scale is consistent; no resampling required.,characters/loko/detection_candidates/L076_row07_slot01.png
L-R07-C02,loko,EMOTIONS,annoyed_angry,annoyed_reaction,"[2, 2, 44, 45]",42,43,1440,0.9348,1.0,1.0,False,within_canonical_band,Perceived body scale is consistent; no resampling required.,characters/loko/detection_candidates/L077_row07_slot02.png
L-R07-C03,loko,EMOTIONS,annoyed_angry,annoyed_reaction,"[2, 2, 43, 45]",41,43,1414,0.9348,0.9762,1.0,False,within_canonical_band,Perceived body scale is consistent; no resampling required.,characters/loko/detection_candidates/L078_row07_slot03.png
L-R07-C04,loko,EMOTIONS,annoyed_angry,annoyed_reaction,"[2, 2, 49, 45]",47,43,1479,0.9348,1.119,1.0,False,within_canonical_band,Perceived body scale is consistent; no resampling required.,characters/loko/detection_candidates/L079_row07_slot04.png
L-R07-C05,loko,EMOTIONS,annoyed_angry,annoyed_reaction,"[2, 2, 48, 45]",46,43,1450,0.9348,1.0952,1.0,False,within_canonical_band,Perceived body scale is consistent; no resampling required.,characters/loko/detection_candidates/L080_row07_slot05.png
L-R07-C06,loko,EMOTIONS,confused,confused_reaction,"[2, 2, 54, 47]",52,45,1664,0.9783,1.2381,1.0,False,within_canonical_band,Perceived body scale is consistent; no resampling required.,characters/loko/detection_candidates/L081_row07_slot06.png
L-R07-C07,loko,EMOTIONS,confused,confused_reaction,"[2, 2, 44, 48]",42,46,1495,1.0,1.0,1.0,False,within_canonical_band,Perceived body scale is consistent; no resampling required.,characters/loko/detection_candidates/L082_row07_slot07.png
L-R07-C08,loko,EMOTIONS,confused,confused_reaction,"[2, 2, 44, 48]",42,46,1494,1.0,1.0,1.0,False,within_canonical_band,Perceived body scale is consistent; no resampling required.,characters/loko/detection_candidates/L083_row07_slot08.png
L-R07-C09,loko,EMOTIONS,confused,confused_reaction,"[2, 2, 44, 47]",42,45,1462,0.9783,1.0,1.0,False,within_canonical_band,Perceived body scale is consistent; no resampling required.,characters/loko/detection_candidates/L084_row07_slot09.png
L-R07-C10,loko,EMOTIONS,confused,confused_reaction,"[2, 3, 44, 47]",42,44,1444,0.9565,1.0,1.0,False,within_canonical_band,Perceived body scale is consistent; no resampling required.,characters/loko/detection_candidates/L085_row07_slot10.png
L-R07-C11,loko,EMOTIONS,confused,confused_reaction,"[2, 2, 43, 47]",41,45,1441,0.9783,0.9762,1.0,False,within_canonical_band,Perceived body scale is consistent; no resampling required.,characters/loko/detection_candidates/L086_row07_slot11.png
L-R07-C12,loko,EMOTIONS,confused,confused_reaction,"[2, 2, 44, 47]",42,45,1443,0.9783,1.0,1.0,False,within_canonical_band,Perceived body scale is consistent; no resampling required.,characters/loko/detection_candidates/L087_row07_slot12.png
L-R07-C13,loko,EMOTIONS,confused,confused_reaction,"[2, 2, 44, 54]",42,52,1665,1.1304,1.0,1.0,False,intentional_pose_variation_or_manual_review,"Outside the conservative upright-height review band, but preserved at source scale. The visual pose shows likely intentional squash, extension, expression, or orientation change.",characters/loko/detection_candidates/L088_row07_slot13.png
L-R08-C01,loko,EMOTIONS,surprised_excited,surprise_excited,"[2, 2, 43, 52]",41,50,1562,1.087,0.9762,1.0,False,within_canonical_band,Perceived body scale is consistent; no resampling required.,characters/loko/detection_candidates/L089_row08_slot01.png
L-R08-C02,loko,EMOTIONS,surprised_excited,surprise_excited,"[2, 2, 44, 51]",42,49,1619,1.0652,1.0,1.0,False,within_canonical_band,Perceived body scale is consistent; no resampling required.,characters/loko/detection_candidates/L090_row08_slot02.png
L-R08-C03,loko,EMOTIONS,surprised_excited,surprise_excited,"[20, 2, 61, 49]",41,47,1535,1.0217,0.9762,1.0,False,within_canonical_band,Perceived body scale is consistent; no resampling required.,characters/loko/detection_candidates/L091_row08_slot03.png
L-R08-C04,loko,EMOTIONS,surprised_excited,surprise_excited,"[2, 2, 44, 48]",42,46,1547,1.0,1.0,1.0,False,within_canonical_band,Perceived body scale is consistent; no resampling required.,characters/loko/detection_candidates/L092_row08_slot04.png
L-R08-C05,loko,EMOTIONS,surprised_excited,surprise_excited,"[2, 2, 44, 48]",42,46,1544,1.0,1.0,1.0,False,within_canonical_band,Perceived body scale is consistent; no resampling required.,characters/loko/detection_candidates/L093_row08_slot05.png
L-R08-C06,loko,EMOTIONS,surprised_excited,surprise_excited,"[2, 2, 45, 49]",43,47,1579,1.0217,1.0238,1.0,False,within_canonical_band,Perceived body scale is consistent; no resampling required.,characters/loko/detection_candidates/L094_row08_slot06.png
L-R08-C07,loko,EMOTIONS,surprised_excited,surprise_excited,"[2, 2, 43, 50]",41,48,1580,1.0435,0.9762,1.0,False,within_canonical_band,Perceived body scale is consistent; no resampling required.,characters/loko/detection_candidates/L095_row08_slot07.png
L-R08-C08,loko,EMOTIONS,surprised_excited,surprise_excited,"[2, 2, 44, 50]",42,48,1574,1.0435,1.0,1.0,False,within_canonical_band,Perceived body scale is consistent; no resampling required.,characters/loko/detection_candidates/L096_row08_slot08.png
L-R08-C09,loko,EMOTIONS,surprised_excited,surprise_excited,"[2, 2, 43, 50]",41,48,1525,1.0435,0.9762,1.0,False,within_canonical_band,Perceived body scale is consistent; no resampling required.,characters/loko/detection_candidates/L097_row08_slot09.png
L-R08-C10,loko,EMOTIONS,surprised_excited,surprise_excited,"[2, 2, 44, 51]",42,49,1567,1.0652,1.0,1.0,False,within_canonical_band,Perceived body scale is consistent; no resampling required.,characters/loko/detection_candidates/L098_row08_slot10.png
L-R08-C11,loko,EMOTIONS,surprised_excited,surprise_excited,"[2, 2, 44, 51]",42,49,1594,1.0652,1.0,1.0,False,within_canonical_band,Perceived body scale is consistent; no resampling required.,characters/loko/detection_candidates/L099_row08_slot11.png
L-R08-C12,loko,EMOTIONS,surprised_excited,surprise_excited,"[2, 2, 45, 49]",43,47,1558,1.0217,1.0238,1.0,False,within_canonical_band,Perceived body scale is consistent; no resampling required.,characters/loko/detection_candidates/L100_row08_slot12.png
L-R08-C13,loko,EMOTIONS,tired_embarrassed,mixed_reactions,"[2, 2, 43, 49]",41,47,1575,1.0217,0.9762,1.0,False,within_canonical_band,Perceived body scale is consistent; no resampling required.,characters/loko/detection_candidates/L101_row08_slot13.png
L-R09-C01,loko,EMOTIONS,tired_embarrassed,mixed_reactions,"[2, 2, 53, 47]",51,45,1700,0.9783,1.2143,1.0,False,within_canonical_band,Perceived body scale is consistent; no resampling required.,characters/loko/detection_candidates/L102_row09_slot01.png
L-R09-C02,loko,EMOTIONS,tired_embarrassed,mixed_reactions,"[2, 2, 52, 48]",50,46,1729,1.0,1.1905,1.0,False,within_canonical_band,Perceived body scale is consistent; no resampling required.,characters/loko/detection_candidates/L103_row09_slot02.png
L-R09-C03,loko,EMOTIONS,tired_embarrassed,mixed_reactions,"[2, 2, 50, 50]",48,48,1742,1.0435,1.1429,1.0,False,within_canonical_band,Perceived body scale is consistent; no resampling required.,characters/loko/detection_candidates/L104_row09_slot03.png
L-R09-C04,loko,ACTIVITIES,eating,eat,"[2, 2, 50, 50]",48,48,1746,1.0435,1.1429,1.0,False,excluded_from_upright_scale_fit,"Posture/activity frame excluded from canonical upright fitting because lying, sitting, crouching, jumping, props, or furniture can legitimately alter visible dimensions.",characters/loko/detection_candidates/L105_row09_slot04.png
L-R09-C05,loko,ACTIVITIES,eating,eat,"[2, 2, 50, 51]",48,49,1754,1.0652,1.1429,1.0,False,excluded_from_upright_scale_fit,"Posture/activity frame excluded from canonical upright fitting because lying, sitting, crouching, jumping, props, or furniture can legitimately alter visible dimensions.",characters/loko/detection_candidates/L106_row09_slot05.png
L-R09-C06,loko,ACTIVITIES,eating,eat,"[2, 2, 51, 51]",49,49,1759,1.0652,1.1667,1.0,False,excluded_from_upright_scale_fit,"Posture/activity frame excluded from canonical upright fitting because lying, sitting, crouching, jumping, props, or furniture can legitimately alter visible dimensions.",characters/loko/detection_candidates/L107_row09_slot06.png
L-R09-C07,loko,ACTIVITIES,eating,eat,"[2, 2, 51, 51]",49,49,1749,1.0652,1.1667,1.0,False,excluded_from_upright_scale_fit,"Posture/activity frame excluded from canonical upright fitting because lying, sitting, crouching, jumping, props, or furniture can legitimately alter visible dimensions.",characters/loko/detection_candidates/L108_row09_slot07.png
L-R09-C08,loko,ACTIVITIES,eating,eat,"[2, 2, 48, 50]",46,48,1636,1.0435,1.0952,1.0,False,excluded_from_upright_scale_fit,"Posture/activity frame excluded from canonical upright fitting because lying, sitting, crouching, jumping, props, or furniture can legitimately alter visible dimensions.",characters/loko/detection_candidates/L109_row09_slot08.png
L-R09-C09,loko,ACTIVITIES,eating,eat,"[2, 2, 45, 48]",43,46,1520,1.0,1.0238,1.0,False,excluded_from_upright_scale_fit,"Posture/activity frame excluded from canonical upright fitting because lying, sitting, crouching, jumping, props, or furniture can legitimately alter visible dimensions.",characters/loko/detection_candidates/L110_row09_slot09.png
L-R09-C10,loko,ACTIVITIES,eating,eat,"[2, 2, 45, 48]",43,46,1534,1.0,1.0238,1.0,False,excluded_from_upright_scale_fit,"Posture/activity frame excluded from canonical upright fitting because lying, sitting, crouching, jumping, props, or furniture can legitimately alter visible dimensions.",characters/loko/detection_candidates/L111_row09_slot10.png
L-R09-C11,loko,ACTIVITIES,eating,eat,"[2, 2, 44, 49]",42,47,1535,1.0217,1.0,1.0,False,excluded_from_upright_scale_fit,"Posture/activity frame excluded from canonical upright fitting because lying, sitting, crouching, jumping, props, or furniture can legitimately alter visible dimensions.",characters/loko/detection_candidates/L112_row09_slot11.png
L-R09-C12,loko,ACTIVITIES,eating,eat,"[2, 2, 45, 49]",43,47,1578,1.0217,1.0238,1.0,False,excluded_from_upright_scale_fit,"Posture/activity frame excluded from canonical upright fitting because lying, sitting, crouching, jumping, props, or furniture can legitimately alter visible dimensions.",characters/loko/detection_candidates/L113_row09_slot12.png
L-R09-C13,loko,ACTIVITIES,drinking,drink,"[2, 2, 46, 45]",44,43,1428,0.9348,1.0476,1.0,False,excluded_from_upright_scale_fit,"Posture/activity frame excluded from canonical upright fitting because lying, sitting, crouching, jumping, props, or furniture can legitimately alter visible dimensions.",characters/loko/detection_candidates/L114_row09_slot13.png
L-R10-C01,loko,ACTIVITIES,drinking,drink,"[2, 2, 46, 49]",44,47,1621,1.0217,1.0476,1.0,False,excluded_from_upright_scale_fit,"Posture/activity frame excluded from canonical upright fitting because lying, sitting, crouching, jumping, props, or furniture can legitimately alter visible dimensions.",characters/loko/detection_candidates/L115_row10_slot01.png
L-R10-C02,loko,ACTIVITIES,drinking,drink,"[2, 2, 46, 48]",44,46,1551,1.0,1.0476,1.0,False,excluded_from_upright_scale_fit,"Posture/activity frame excluded from canonical upright fitting because lying, sitting, crouching, jumping, props, or furniture can legitimately alter visible dimensions.",characters/loko/detection_candidates/L116_row10_slot02.png
L-R10-C03,loko,ACTIVITIES,drinking,drink,"[2, 2, 47, 48]",45,46,1562,1.0,1.0714,1.0,False,excluded_from_upright_scale_fit,"Posture/activity frame excluded from canonical upright fitting because lying, sitting, crouching, jumping, props, or furniture can legitimately alter visible dimensions.",characters/loko/detection_candidates/L117_row10_slot03.png
L-R10-C04,loko,ACTIVITIES,drinking,drink,"[2, 2, 46, 48]",44,46,1604,1.0,1.0476,1.0,False,excluded_from_upright_scale_fit,"Posture/activity frame excluded from canonical upright fitting because lying, sitting, crouching, jumping, props, or furniture can legitimately alter visible dimensions.",characters/loko/detection_candidates/L118_row10_slot04.png
L-R10-C05,loko,ACTIVITIES,drinking,drink,"[2, 2, 45, 49]",43,47,1638,1.0217,1.0238,1.0,False,excluded_from_upright_scale_fit,"Posture/activity frame excluded from canonical upright fitting because lying, sitting, crouching, jumping, props, or furniture can legitimately alter visible dimensions.",characters/loko/detection_candidates/L119_row10_slot05.png
L-R10-C06,loko,ACTIVITIES,drinking,drink,"[2, 2, 47, 50]",45,48,1677,1.0435,1.0714,1.0,False,excluded_from_upright_scale_fit,"Posture/activity frame excluded from canonical upright fitting because lying, sitting, crouching, jumping, props, or furniture can legitimately alter visible dimensions.",characters/loko/detection_candidates/L120_row10_slot06.png
L-R10-C07,loko,ACTIVITIES,drinking,drink,"[2, 2, 45, 50]",43,48,1635,1.0435,1.0238,1.0,False,excluded_from_upright_scale_fit,"Posture/activity frame excluded from canonical upright fitting because lying, sitting, crouching, jumping, props, or furniture can legitimately alter visible dimensions.",characters/loko/detection_candidates/L121_row10_slot07.png
L-R10-C08,loko,ACTIVITIES,reading,reading,"[2, 2, 47, 51]",45,49,1650,1.0652,1.0714,1.0,False,excluded_from_upright_scale_fit,"Posture/activity frame excluded from canonical upright fitting because lying, sitting, crouching, jumping, props, or furniture can legitimately alter visible dimensions.",characters/loko/detection_candidates/L122_row10_slot08.png
L-R10-C09,loko,ACTIVITIES,reading,reading,"[2, 2, 52, 50]",50,48,1726,1.0435,1.1905,1.0,False,excluded_from_upright_scale_fit,"Posture/activity frame excluded from canonical upright fitting because lying, sitting, crouching, jumping, props, or furniture can legitimately alter visible dimensions.",characters/loko/detection_candidates/L123_row10_slot09.png
L-R10-C10,loko,ACTIVITIES,reading,reading,"[2, 2, 48, 48]",46,46,1606,1.0,1.0952,1.0,False,excluded_from_upright_scale_fit,"Posture/activity frame excluded from canonical upright fitting because lying, sitting, crouching, jumping, props, or furniture can legitimately alter visible dimensions.",characters/loko/detection_candidates/L124_row10_slot10.png
L-R10-C11,loko,ACTIVITIES,reading,reading,"[2, 2, 48, 49]",46,47,1611,1.0217,1.0952,1.0,False,excluded_from_upright_scale_fit,"Posture/activity frame excluded from canonical upright fitting because lying, sitting, crouching, jumping, props, or furniture can legitimately alter visible dimensions.",characters/loko/detection_candidates/L125_row10_slot11.png
L-R10-C12,loko,ACTIVITIES,reading,reading,"[2, 2, 48, 49]",46,47,1632,1.0217,1.0952,1.0,False,excluded_from_upright_scale_fit,"Posture/activity frame excluded from canonical upright fitting because lying, sitting, crouching, jumping, props, or furniture can legitimately alter visible dimensions.",characters/loko/detection_candidates/L126_row10_slot12.png
L-R11-C01,loko,ACTIVITIES,reading,reading,"[2, 8, 47, 58]",45,50,1666,1.087,1.0714,1.0,False,excluded_from_upright_scale_fit,"Posture/activity frame excluded from canonical upright fitting because lying, sitting, crouching, jumping, props, or furniture can legitimately alter visible dimensions.",characters/loko/detection_candidates/L127_row11_slot01.png
L-R11-C02,loko,ACTIVITIES,music_dance,music,"[2, 13, 48, 63]",46,50,1616,1.087,1.0952,1.0,False,excluded_from_upright_scale_fit,"Posture/activity frame excluded from canonical upright fitting because lying, sitting, crouching, jumping, props, or furniture can legitimately alter visible dimensions.",characters/loko/detection_candidates/L128_row11_slot02.png
L-R11-C03,loko,ACTIVITIES,music_dance,music,"[2, 17, 48, 66]",46,49,1672,1.0652,1.0952,1.0,False,excluded_from_upright_scale_fit,"Posture/activity frame excluded from canonical upright fitting because lying, sitting, crouching, jumping, props, or furniture can legitimately alter visible dimensions.",characters/loko/detection_candidates/L129_row11_slot03.png
L-R11-C04,loko,ACTIVITIES,music_dance,music,"[2, 15, 46, 65]",44,50,1635,1.087,1.0476,1.0,False,excluded_from_upright_scale_fit,"Posture/activity frame excluded from canonical upright fitting because lying, sitting, crouching, jumping, props, or furniture can legitimately alter visible dimensions.",characters/loko/detection_candidates/L130_row11_slot04.png
L-R11-C05,loko,ACTIVITIES,music_dance,music,"[2, 2, 48, 53]",46,51,1680,1.1087,1.0952,1.0,False,excluded_from_upright_scale_fit,"Posture/activity frame excluded from canonical upright fitting because lying, sitting, crouching, jumping, props, or furniture can legitimately alter visible dimensions.",characters/loko/detection_candidates/L131_row11_slot05.png
L-R11-C06,loko,ACTIVITIES,music_dance,music,"[14, 17, 64, 67]",50,50,1748,1.087,1.1905,1.0,False,excluded_from_upright_scale_fit,"Posture/activity frame excluded from canonical upright fitting because lying, sitting, crouching, jumping, props, or furniture can legitimately alter visible dimensions.",characters/loko/detection_candidates/L132_row11_slot06.png
L-R11-C07,loko,ACTIVITIES,music_dance,music,"[17, 16, 69, 65]",52,49,1765,1.0652,1.2381,1.0,False,excluded_from_upright_scale_fit,"Posture/activity frame excluded from canonical upright fitting because lying, sitting, crouching, jumping, props, or furniture can legitimately alter visible dimensions.",characters/loko/detection_candidates/L133_row11_slot07.png
L-R11-C08,loko,ACTIVITIES,music_dance,music,"[2, 2, 42, 61]",40,59,1552,1.2826,0.9524,1.0,False,excluded_from_upright_scale_fit,"Posture/activity frame excluded from canonical upright fitting because lying, sitting, crouching, jumping, props, or furniture can legitimately alter visible dimensions.",characters/loko/detection_candidates/L134_row11_slot08.png
L-R11-C09,loko,ACTIVITIES,music_dance,music,"[2, 15, 43, 63]",41,48,1525,1.0435,0.9762,1.0,False,excluded_from_upright_scale_fit,"Posture/activity frame excluded from canonical upright fitting because lying, sitting, crouching, jumping, props, or furniture can legitimately alter visible dimensions.",characters/loko/detection_candidates/L135_row11_slot09.png
L-R11-C10,loko,ACTIVITIES,music_dance,music,"[2, 9, 48, 59]",46,50,1587,1.087,1.0952,1.0,False,excluded_from_upright_scale_fit,"Posture/activity frame excluded from canonical upright fitting because lying, sitting, crouching, jumping, props, or furniture can legitimately alter visible dimensions.",characters/loko/detection_candidates/L136_row11_slot10.png
L-R11-C11,loko,ACTIVITIES,music_dance,music,"[2, 14, 44, 64]",42,50,1577,1.087,1.0,1.0,False,excluded_from_upright_scale_fit,"Posture/activity frame excluded from canonical upright fitting because lying, sitting, crouching, jumping, props, or furniture can legitimately alter visible dimensions.",characters/loko/detection_candidates/L137_row11_slot11.png
L-R11-C12,loko,ACTIVITIES,music_dance,music,"[2, 12, 44, 60]",42,48,1578,1.0435,1.0,1.0,False,excluded_from_upright_scale_fit,"Posture/activity frame excluded from canonical upright fitting because lying, sitting, crouching, jumping, props, or furniture can legitimately alter visible dimensions.",characters/loko/detection_candidates/L138_row11_slot12.png
L-R11-C13,loko,ACTIVITIES,holding_round_object,object_activity,"[2, 2, 43, 48]",41,46,1503,1.0,0.9762,1.0,False,excluded_from_upright_scale_fit,"Posture/activity frame excluded from canonical upright fitting because lying, sitting, crouching, jumping, props, or furniture can legitimately alter visible dimensions.",characters/loko/detection_candidates/L139_row11_slot13.png
L-R11-C14,loko,ACTIVITIES,holding_round_object,object_activity,"[12, 4, 54, 51]",42,47,1534,1.0217,1.0,1.0,False,excluded_from_upright_scale_fit,"Posture/activity frame excluded from canonical upright fitting because lying, sitting, crouching, jumping, props, or furniture can legitimately alter visible dimensions.",characters/loko/detection_candidates/L140_row11_slot14.png
L-R12-C01,loko,ACTIVITIES,holding_round_object,object_activity,"[2, 2, 51, 49]",49,47,1673,1.0217,1.1667,1.0,False,excluded_from_upright_scale_fit,"Posture/activity frame excluded from canonical upright fitting because lying, sitting, crouching, jumping, props, or furniture can legitimately alter visible dimensions.",characters/loko/detection_candidates/L141_row12_slot01.png
L-R12-C02,loko,ACTIVITIES,laptop_use,laptop,"[2, 2, 53, 48]",51,46,1669,1.0,1.2143,1.0,False,excluded_from_upright_scale_fit,"Posture/activity frame excluded from canonical upright fitting because lying, sitting, crouching, jumping, props, or furniture can legitimately alter visible dimensions.",characters/loko/detection_candidates/L142_row12_slot02.png
L-R12-C03,loko,ACTIVITIES,laptop_use,laptop,"[2, 2, 54, 48]",52,46,1726,1.0,1.2381,1.0,False,excluded_from_upright_scale_fit,"Posture/activity frame excluded from canonical upright fitting because lying, sitting, crouching, jumping, props, or furniture can legitimately alter visible dimensions.",characters/loko/detection_candidates/L143_row12_slot03.png
L-R12-C04,loko,ACTIVITIES,laptop_use,laptop,"[2, 2, 54, 47]",52,45,1706,0.9783,1.2381,1.0,False,excluded_from_upright_scale_fit,"Posture/activity frame excluded from canonical upright fitting because lying, sitting, crouching, jumping, props, or furniture can legitimately alter visible dimensions.",characters/loko/detection_candidates/L144_row12_slot04.png
L-R12-C05,loko,ACTIVITIES,laptop_use,laptop,"[2, 2, 55, 48]",53,46,1724,1.0,1.2619,1.0,False,excluded_from_upright_scale_fit,"Posture/activity frame excluded from canonical upright fitting because lying, sitting, crouching, jumping, props, or furniture can legitimately alter visible dimensions.",characters/loko/detection_candidates/L145_row12_slot05.png
L-R12-C06,loko,ACTIVITIES,laptop_use,laptop,"[2, 2, 55, 47]",53,45,1655,0.9783,1.2619,1.0,False,excluded_from_upright_scale_fit,"Posture/activity frame excluded from canonical upright fitting because lying, sitting, crouching, jumping, props, or furniture can legitimately alter visible dimensions.",characters/loko/detection_candidates/L146_row12_slot06.png
L-R12-C07,loko,ACTIVITIES,laptop_use,laptop,"[2, 2, 43, 47]",41,45,1494,0.9783,0.9762,1.0,False,excluded_from_upright_scale_fit,"Posture/activity frame excluded from canonical upright fitting because lying, sitting, crouching, jumping, props, or furniture can legitimately alter visible dimensions.",characters/loko/detection_candidates/L147_row12_slot07.png
L-R12-C08,loko,ACTIVITIES,laptop_use,laptop,"[2, 2, 52, 47]",50,45,1656,0.9783,1.1905,1.0,False,excluded_from_upright_scale_fit,"Posture/activity frame excluded from canonical upright fitting because lying, sitting, crouching, jumping, props, or furniture can legitimately alter visible dimensions.",characters/loko/detection_candidates/L148_row12_slot08.png
L-R12-C09,loko,ACTIVITIES,laptop_use,laptop,"[2, 2, 52, 47]",50,45,1630,0.9783,1.1905,1.0,False,excluded_from_upright_scale_fit,"Posture/activity frame excluded from canonical upright fitting because lying, sitting, crouching, jumping, props, or furniture can legitimately alter visible dimensions.",characters/loko/detection_candidates/L149_row12_slot09.png
L-R12-C10,loko,ACTIVITIES,laptop_use,laptop,"[2, 2, 54, 46]",52,44,1622,0.9565,1.2381,1.0,False,excluded_from_upright_scale_fit,"Posture/activity frame excluded from canonical upright fitting because lying, sitting, crouching, jumping, props, or furniture can legitimately alter visible dimensions.",characters/loko/detection_candidates/L150_row12_slot10.png
L-R12-C11,loko,ACTIVITIES,laptop_use,laptop,"[2, 2, 54, 46]",52,44,1628,0.9565,1.2381,1.0,False,excluded_from_upright_scale_fit,"Posture/activity frame excluded from canonical upright fitting because lying, sitting, crouching, jumping, props, or furniture can legitimately alter visible dimensions.",characters/loko/detection_candidates/L151_row12_slot11.png
L-R12-C12,loko,ACTIVITIES,laptop_use,laptop,"[2, 2, 51, 47]",49,45,1609,0.9783,1.1667,1.0,False,excluded_from_upright_scale_fit,"Posture/activity frame excluded from canonical upright fitting because lying, sitting, crouching, jumping, props, or furniture can legitimately alter visible dimensions.",characters/loko/detection_candidates/L152_row12_slot12.png
L-R12-C13,loko,ACTIVITIES,laptop_use,laptop,"[2, 2, 51, 46]",49,44,1576,0.9565,1.1667,1.0,False,excluded_from_upright_scale_fit,"Posture/activity frame excluded from canonical upright fitting because lying, sitting, crouching, jumping, props, or furniture can legitimately alter visible dimensions.",characters/loko/detection_candidates/L153_row12_slot13.png
L-R12-C14,loko,ACTIVITIES,reading_or_food,mixed_activity,"[2, 2, 43, 46]",41,44,1435,0.9565,0.9762,1.0,False,excluded_from_upright_scale_fit,"Posture/activity frame excluded from canonical upright fitting because lying, sitting, crouching, jumping, props, or furniture can legitimately alter visible dimensions.",characters/loko/detection_candidates/L154_row12_slot14.png
L-R13-C01,loko,ACTIVITIES,reading_or_food,mixed_activity,"[2, 2, 46, 50]",44,48,1588,1.0435,1.0476,1.0,False,excluded_from_upright_scale_fit,"Posture/activity frame excluded from canonical upright fitting because lying, sitting, crouching, jumping, props, or furniture can legitimately alter visible dimensions.",characters/loko/detection_candidates/L155_row13_slot01.png
L-R13-C02,loko,ACTIVITIES,reading_or_food,mixed_activity,"[2, 2, 46, 50]",44,48,1583,1.0435,1.0476,1.0,False,excluded_from_upright_scale_fit,"Posture/activity frame excluded from canonical upright fitting because lying, sitting, crouching, jumping, props, or furniture can legitimately alter visible dimensions.",characters/loko/detection_candidates/L156_row13_slot02.png
L-R13-C03,loko,ACTIVITIES,reading_or_food,mixed_activity,"[2, 2, 45, 50]",43,48,1595,1.0435,1.0238,1.0,False,excluded_from_upright_scale_fit,"Posture/activity frame excluded from canonical upright fitting because lying, sitting, crouching, jumping, props, or furniture can legitimately alter visible dimensions.",characters/loko/detection_candidates/L157_row13_slot03.png
L-R13-C04,loko,ACTIVITIES,reading_or_food,mixed_activity,"[2, 2, 45, 51]",43,49,1603,1.0652,1.0238,1.0,False,excluded_from_upright_scale_fit,"Posture/activity frame excluded from canonical upright fitting because lying, sitting, crouching, jumping, props, or furniture can legitimately alter visible dimensions.",characters/loko/detection_candidates/L158_row13_slot04.png
L-R13-C05,loko,ACTIVITIES,reading_or_food,mixed_activity,"[2, 2, 51, 49]",49,47,1671,1.0217,1.1667,1.0,False,excluded_from_upright_scale_fit,"Posture/activity frame excluded from canonical upright fitting because lying, sitting, crouching, jumping, props, or furniture can legitimately alter visible dimensions.",characters/loko/detection_candidates/L159_row13_slot05.png
L-R13-C06,loko,ACTIVITIES,reading_or_food,mixed_activity,"[2, 2, 46, 49]",44,47,1574,1.0217,1.0476,1.0,False,excluded_from_upright_scale_fit,"Posture/activity frame excluded from canonical upright fitting because lying, sitting, crouching, jumping, props, or furniture can legitimately alter visible dimensions.",characters/loko/detection_candidates/L160_row13_slot06.png
L-R13-C07,loko,ACTIVITIES,playing_with_orange_ball,playing_ball,"[2, 2, 51, 51]",49,49,1718,1.0652,1.1667,1.0,False,excluded_from_upright_scale_fit,"Posture/activity frame excluded from canonical upright fitting because lying, sitting, crouching, jumping, props, or furniture can legitimately alter visible dimensions.",characters/loko/detection_candidates/L161_row13_slot07.png
L-R13-C08,loko,ACTIVITIES,playing_with_orange_ball,playing_ball,"[2, 2, 52, 55]",50,53,1806,1.1522,1.1905,1.0,False,excluded_from_upright_scale_fit,"Posture/activity frame excluded from canonical upright fitting because lying, sitting, crouching, jumping, props, or furniture can legitimately alter visible dimensions.",characters/loko/detection_candidates/L162_row13_slot08.png
L-R13-C09,loko,ACTIVITIES,playing_with_orange_ball,playing_ball,"[2, 2, 56, 51]",54,49,1811,1.0652,1.2857,1.0,False,excluded_from_upright_scale_fit,"Posture/activity frame excluded from canonical upright fitting because lying, sitting, crouching, jumping, props, or furniture can legitimately alter visible dimensions.",characters/loko/detection_candidates/L163_row13_slot09.png
L-R13-C10,loko,ACTIVITIES,playing_with_orange_ball,playing_ball,"[2, 2, 55, 48]",53,46,1600,1.0,1.2619,1.0,False,excluded_from_upright_scale_fit,"Posture/activity frame excluded from canonical upright fitting because lying, sitting, crouching, jumping, props, or furniture can legitimately alter visible dimensions.",characters/loko/detection_candidates/L164_row13_slot10.png
L-R13-C11,loko,ACTIVITIES,playing_with_orange_ball,playing_ball,"[2, 2, 62, 52]",60,50,1860,1.087,1.4286,1.0,False,excluded_from_upright_scale_fit,"Posture/activity frame excluded from canonical upright fitting because lying, sitting, crouching, jumping, props, or furniture can legitimately alter visible dimensions.",characters/loko/detection_candidates/L165_row13_slot11.png
L-R13-C12,loko,ACTIVITIES,playing_with_orange_ball,playing_ball,"[2, 2, 54, 49]",52,47,1574,1.0217,1.2381,1.0,False,excluded_from_upright_scale_fit,"Posture/activity frame excluded from canonical upright fitting because lying, sitting, crouching, jumping, props, or furniture can legitimately alter visible dimensions.",characters/loko/detection_candidates/L166_row13_slot12.png
L-R13-C13,loko,ACTIVITIES,playing_with_orange_ball,playing_ball,"[2, 2, 50, 51]",48,49,1672,1.0652,1.1429,1.0,False,excluded_from_upright_scale_fit,"Posture/activity frame excluded from canonical upright fitting because lying, sitting, crouching, jumping, props, or furniture can legitimately alter visible dimensions.",characters/loko/detection_candidates/L167_row13_slot13.png
L-R14-C01,loko,ACTIVITIES,playing_with_orange_ball,playing_ball,"[2, 2, 43, 48]",41,46,1477,1.0,0.9762,1.0,False,excluded_from_upright_scale_fit,"Posture/activity frame excluded from canonical upright fitting because lying, sitting, crouching, jumping, props, or furniture can legitimately alter visible dimensions.",characters/loko/detection_candidates/L168_row14_slot01.png
L-R14-C02,loko,IDLE,front_idle_emotions,idle_emotions,"[2, 2, 42, 48]",40,46,1468,1.0,0.9524,1.0,False,within_canonical_band,Perceived body scale is consistent; no resampling required.,characters/loko/detection_candidates/L169_row14_slot02.png
L-R14-C03,loko,IDLE,front_idle_emotions,idle_emotions,"[2, 2, 43, 48]",41,46,1509,1.0,0.9762,1.0,False,within_canonical_band,Perceived body scale is consistent; no resampling required.,characters/loko/detection_candidates/L170_row14_slot03.png
L-R14-C04,loko,IDLE,front_idle_emotions,idle_emotions,"[2, 2, 44, 48]",42,46,1521,1.0,1.0,1.0,False,within_canonical_band,Perceived body scale is consistent; no resampling required.,characters/loko/detection_candidates/L171_row14_slot04.png
L-R14-C05,loko,IDLE,front_idle_emotions,idle_emotions,"[2, 2, 43, 45]",41,43,1425,0.9348,0.9762,1.0,False,within_canonical_band,Perceived body scale is consistent; no resampling required.,characters/loko/detection_candidates/L172_row14_slot05.png
L-R14-C06,loko,IDLE,front_idle_emotions,idle_emotions,"[2, 2, 43, 46]",41,44,1392,0.9565,0.9762,1.0,False,within_canonical_band,Perceived body scale is consistent; no resampling required.,characters/loko/detection_candidates/L173_row14_slot06.png
L-R14-C07,loko,IDLE,front_idle_emotions,idle_emotions,"[2, 2, 43, 46]",41,44,1391,0.9565,0.9762,1.0,False,within_canonical_band,Perceived body scale is consistent; no resampling required.,characters/loko/detection_candidates/L174_row14_slot07.png
L-R14-C08,loko,IDLE,front_idle_emotions,idle_emotions,"[2, 2, 44, 44]",42,42,1337,0.913,1.0,1.0,False,within_canonical_band,Perceived body scale is consistent; no resampling required.,characters/loko/detection_candidates/L175_row14_slot08.png
L-R14-C09,loko,IDLE,front_idle_emotions,idle_emotions,"[2, 2, 42, 43]",40,41,1328,0.8913,0.9524,1.0,False,intentional_pose_variation_or_manual_review,"Outside the conservative upright-height review band, but preserved at source scale. The visual pose shows likely intentional squash, extension, expression, or orientation change.",characters/loko/detection_candidates/L176_row14_slot09.png
L-R14-C10,loko,ACTIVITIES,peeking_over_edge,peeking,"[2, 2, 46, 43]",44,41,1370,0.8913,1.0476,1.0,False,excluded_from_upright_scale_fit,"Posture/activity frame excluded from canonical upright fitting because lying, sitting, crouching, jumping, props, or furniture can legitimately alter visible dimensions.",characters/loko/detection_candidates/L177_row14_slot10.png
L-R14-C11,loko,ACTIVITIES,peeking_over_edge,peeking,"[2, 2, 46, 44]",44,42,1381,0.913,1.0476,1.0,False,excluded_from_upright_scale_fit,"Posture/activity frame excluded from canonical upright fitting because lying, sitting, crouching, jumping, props, or furniture can legitimately alter visible dimensions.",characters/loko/detection_candidates/L178_row14_slot11.png
L-R14-C12,loko,ACTIVITIES,peeking_over_edge,peeking,"[2, 2, 46, 44]",44,42,1413,0.913,1.0476,1.0,False,excluded_from_upright_scale_fit,"Posture/activity frame excluded from canonical upright fitting because lying, sitting, crouching, jumping, props, or furniture can legitimately alter visible dimensions.",characters/loko/detection_candidates/L179_row14_slot12.png
L-R15-C01,loko,ACTIVITIES,peeking_over_edge,peeking,"[2, 2, 51, 48]",49,46,1633,1.0,1.1667,1.0,False,excluded_from_upright_scale_fit,"Posture/activity frame excluded from canonical upright fitting because lying, sitting, crouching, jumping, props, or furniture can legitimately alter visible dimensions.",characters/loko/detection_candidates/L180_row15_slot01.png
L-R15-C02,loko,ACTIVITIES,peeking_over_edge,peeking,"[2, 2, 52, 47]",50,45,1587,0.9783,1.1905,1.0,False,excluded_from_upright_scale_fit,"Posture/activity frame excluded from canonical upright fitting because lying, sitting, crouching, jumping, props, or furniture can legitimately alter visible dimensions.",characters/loko/detection_candidates/L181_row15_slot02.png
L-R15-C03,loko,ACTIVITIES,peeking_over_edge,peeking,"[2, 2, 53, 43]",51,41,1480,0.8913,1.2143,1.0,False,excluded_from_upright_scale_fit,"Posture/activity frame excluded from canonical upright fitting because lying, sitting, crouching, jumping, props, or furniture can legitimately alter visible dimensions.",characters/loko/detection_candidates/L182_row15_slot03.png
L-R15-C04,loko,ACTIVITIES,peeking_over_edge,peeking,"[2, 2, 51, 43]",49,41,1463,0.8913,1.1667,1.0,False,excluded_from_upright_scale_fit,"Posture/activity frame excluded from canonical upright fitting because lying, sitting, crouching, jumping, props, or furniture can legitimately alter visible dimensions.",characters/loko/detection_candidates/L183_row15_slot04.png
L-R15-C05,loko,ACTIVITIES,peeking_over_edge,peeking,"[2, 2, 51, 43]",49,41,1450,0.8913,1.1667,1.0,False,excluded_from_upright_scale_fit,"Posture/activity frame excluded from canonical upright fitting because lying, sitting, crouching, jumping, props, or furniture can legitimately alter visible dimensions.",characters/loko/detection_candidates/L184_row15_slot05.png
L-R15-C06,loko,ACTIVITIES,ledge_furniture_interaction,peeking_furniture,"[2, 2, 53, 43]",51,41,1492,0.8913,1.2143,1.0,False,excluded_from_upright_scale_fit,"Posture/activity frame excluded from canonical upright fitting because lying, sitting, crouching, jumping, props, or furniture can legitimately alter visible dimensions.",characters/loko/detection_candidates/L185_row15_slot06.png
L-R15-C07,loko,ACTIVITIES,ledge_furniture_interaction,peeking_furniture,"[2, 2, 56, 43]",54,41,1557,0.8913,1.2857,1.0,False,excluded_from_upright_scale_fit,"Posture/activity frame excluded from canonical upright fitting because lying, sitting, crouching, jumping, props, or furniture can legitimately alter visible dimensions.",characters/loko/detection_candidates/L186_row15_slot07.png
L-R15-C08,loko,ACTIVITIES,ledge_furniture_interaction,peeking_furniture,"[2, 2, 45, 43]",43,41,1370,0.8913,1.0238,1.0,False,excluded_from_upright_scale_fit,"Posture/activity frame excluded from canonical upright fitting because lying, sitting, crouching, jumping, props, or furniture can legitimately alter visible dimensions.",characters/loko/detection_candidates/L187_row15_slot08.png
L-R15-C09,loko,ACTIVITIES,ledge_furniture_interaction,peeking_furniture,"[2, 2, 48, 42]",46,40,1367,0.8696,1.0952,1.0,False,excluded_from_upright_scale_fit,"Posture/activity frame excluded from canonical upright fitting because lying, sitting, crouching, jumping, props, or furniture can legitimately alter visible dimensions.",characters/loko/detection_candidates/L188_row15_slot09.png
L-R15-C10,loko,ACTIVITIES,ledge_furniture_interaction,peeking_furniture,"[2, 2, 47, 41]",45,39,1340,0.8478,1.0714,1.0,False,excluded_from_upright_scale_fit,"Posture/activity frame excluded from canonical upright fitting because lying, sitting, crouching, jumping, props, or furniture can legitimately alter visible dimensions.",characters/loko/detection_candidates/L189_row15_slot10.png
L-R15-C11,loko,ACTIVITIES,ledge_furniture_interaction,peeking_furniture,"[2, 2, 51, 54]",49,52,1915,1.1304,1.1667,1.0,False,excluded_from_upright_scale_fit,"Posture/activity frame excluded from canonical upright fitting because lying, sitting, crouching, jumping, props, or furniture can legitimately alter visible dimensions.",characters/loko/detection_candidates/L190_row15_slot11.png
L-R15-C12,loko,ACTIVITIES,ledge_furniture_interaction,peeking_furniture,"[2, 2, 55, 41]",53,39,1442,0.8478,1.2619,1.0,False,excluded_from_upright_scale_fit,"Posture/activity frame excluded from canonical upright fitting because lying, sitting, crouching, jumping, props, or furniture can legitimately alter visible dimensions.",characters/loko/detection_candidates/L191_row15_slot12.png
L-R15-C13,loko,ACTIVITIES,ledge_furniture_interaction,peeking_furniture,"[2, 2, 57, 41]",55,39,1463,0.8478,1.3095,1.0,False,excluded_from_upright_scale_fit,"Posture/activity frame excluded from canonical upright fitting because lying, sitting, crouching, jumping, props, or furniture can legitimately alter visible dimensions.",characters/loko/detection_candidates/L192_row15_slot13.png
L-R15-C14,loko,ACTIVITIES,ledge_furniture_interaction,peeking_furniture,"[2, 2, 55, 38]",53,36,1340,0.7826,1.2619,1.0,False,excluded_from_upright_scale_fit,"Posture/activity frame excluded from canonical upright fitting because lying, sitting, crouching, jumping, props, or furniture can legitimately alter visible dimensions.",characters/loko/detection_candidates/L193_row15_slot14.png
L-R16-C01,loko,ACTIVITIES,ledge_furniture_interaction,peeking_furniture,"[2, 2, 55, 40]",53,38,1403,0.8261,1.2619,1.0,False,excluded_from_upright_scale_fit,"Posture/activity frame excluded from canonical upright fitting because lying, sitting, crouching, jumping, props, or furniture can legitimately alter visible dimensions.",characters/loko/detection_candidates/L194_row16_slot01.png
L-R16-C02,loko,ACTIVITIES,ledge_furniture_interaction,peeking_furniture,"[2, 2, 52, 40]",50,38,1334,0.8261,1.1905,1.0,False,excluded_from_upright_scale_fit,"Posture/activity frame excluded from canonical upright fitting because lying, sitting, crouching, jumping, props, or furniture can legitimately alter visible dimensions.",characters/loko/detection_candidates/L195_row16_slot02.png
L-R16-C03,loko,ACTIVITIES,ledge_furniture_interaction,peeking_furniture,"[2, 2, 49, 41]",47,39,1323,0.8478,1.119,1.0,False,excluded_from_upright_scale_fit,"Posture/activity frame excluded from canonical upright fitting because lying, sitting, crouching, jumping, props, or furniture can legitimately alter visible dimensions.",characters/loko/detection_candidates/L196_row16_slot03.png
L-R16-C04,loko,ACTIVITIES,ledge_furniture_interaction,peeking_furniture,"[2, 2, 52, 42]",50,40,1372,0.8696,1.1905,1.0,False,excluded_from_upright_scale_fit,"Posture/activity frame excluded from canonical upright fitting because lying, sitting, crouching, jumping, props, or furniture can legitimately alter visible dimensions.",characters/loko/detection_candidates/L197_row16_slot04.png
L-R16-C05,loko,ACTIVITIES,ledge_furniture_interaction,peeking_furniture,"[2, 2, 50, 44]",48,42,1417,0.913,1.1429,1.0,False,excluded_from_upright_scale_fit,"Posture/activity frame excluded from canonical upright fitting because lying, sitting, crouching, jumping, props, or furniture can legitimately alter visible dimensions.",characters/loko/detection_candidates/L198_row16_slot05.png
L-R16-C06,loko,ACTIVITIES,ledge_furniture_interaction,peeking_furniture,"[2, 2, 47, 44]",45,42,1416,0.913,1.0714,1.0,False,excluded_from_upright_scale_fit,"Posture/activity frame excluded from canonical upright fitting because lying, sitting, crouching, jumping, props, or furniture can legitimately alter visible dimensions.",characters/loko/detection_candidates/L199_row16_slot06.png
L-R16-C07,loko,ACTIVITIES,ledge_furniture_interaction,peeking_furniture,"[2, 2, 50, 41]",48,39,1338,0.8478,1.1429,1.0,False,excluded_from_upright_scale_fit,"Posture/activity frame excluded from canonical upright fitting because lying, sitting, crouching, jumping, props, or furniture can legitimately alter visible dimensions.",characters/loko/detection_candidates/L200_row16_slot07.png
L-R16-C08,loko,ACTIVITIES,ledge_furniture_interaction,peeking_furniture,"[2, 2, 50, 41]",48,39,1332,0.8478,1.1429,1.0,False,excluded_from_upright_scale_fit,"Posture/activity frame excluded from canonical upright fitting because lying, sitting, crouching, jumping, props, or furniture can legitimately alter visible dimensions.",characters/loko/detection_candidates/L201_row16_slot08.png
L-R16-C09,loko,ACTIVITIES,ledge_furniture_interaction,peeking_furniture,"[2, 2, 53, 41]",51,39,1392,0.8478,1.2143,1.0,False,excluded_from_upright_scale_fit,"Posture/activity frame excluded from canonical upright fitting because lying, sitting, crouching, jumping, props, or furniture can legitimately alter visible dimensions.",characters/loko/detection_candidates/L202_row16_slot09.png
L-R16-C10,loko,ACTIVITIES,ledge_furniture_interaction,peeking_furniture,"[2, 2, 46, 44]",44,42,1326,0.913,1.0476,1.0,False,excluded_from_upright_scale_fit,"Posture/activity frame excluded from canonical upright fitting because lying, sitting, crouching, jumping, props, or furniture can legitimately alter visible dimensions.",characters/loko/detection_candidates/L203_row16_slot10.png
L-R16-C11,loko,IDLE,front_idle_variants,idle_front,"[2, 2, 44, 47]",42,45,1423,0.9783,1.0,1.0,False,within_canonical_band,Perceived body scale is consistent; no resampling required.,characters/loko/detection_candidates/L204_row16_slot11.png
L-R16-C12,loko,IDLE,front_idle_variants,idle_front,"[2, 2, 43, 46]",41,44,1413,0.9565,0.9762,1.0,False,within_canonical_band,Perceived body scale is consistent; no resampling required.,characters/loko/detection_candidates/L205_row16_slot12.png
L-R17-C01,loko,IDLE,front_idle_variants,idle_front,"[2, 2, 44, 48]",42,46,1518,1.0,1.0,1.0,False,within_canonical_band,Perceived body scale is consistent; no resampling required.,characters/loko/detection_candidates/L206_row17_slot01.png
L-R17-C02,loko,IDLE,front_idle_variants,idle_front,"[2, 2, 44, 48]",42,46,1517,1.0,1.0,1.0,False,within_canonical_band,Perceived body scale is consistent; no resampling required.,characters/loko/detection_candidates/L207_row17_slot02.png
L-R17-C03,loko,IDLE,front_idle_variants,idle_front,"[2, 2, 45, 41]",43,39,1296,0.8478,1.0238,1.0,False,intentional_pose_variation_or_manual_review,"Outside the conservative upright-height review band, but preserved at source scale. The visual pose shows likely intentional squash, extension, expression, or orientation change.",characters/loko/detection_candidates/L208_row17_slot03.png
L-R17-C04,loko,SLEEP,drowsy_and_sleep,sleep_transition,"[2, 2, 53, 39]",51,37,1460,0.8043,1.2143,1.0,False,excluded_from_upright_scale_fit,"Posture/activity frame excluded from canonical upright fitting because lying, sitting, crouching, jumping, props, or furniture can legitimately alter visible dimensions.",characters/loko/detection_candidates/L209_row17_slot04.png
L-R17-C05,loko,SLEEP,drowsy_and_sleep,sleep_transition,"[2, 8, 55, 43]",53,35,1366,0.7609,1.2619,1.0,False,excluded_from_upright_scale_fit,"Posture/activity frame excluded from canonical upright fitting because lying, sitting, crouching, jumping, props, or furniture can legitimately alter visible dimensions.",characters/loko/detection_candidates/L210_row17_slot05.png
L-R17-C06,loko,SLEEP,drowsy_and_sleep,sleep_transition,"[2, 12, 55, 46]",53,34,1308,0.7391,1.2619,1.0,False,excluded_from_upright_scale_fit,"Posture/activity frame excluded from canonical upright fitting because lying, sitting, crouching, jumping, props, or furniture can legitimately alter visible dimensions.",characters/loko/detection_candidates/L211_row17_slot06.png
L-R17-C07,loko,SLEEP,drowsy_and_sleep,sleep_transition,"[2, 2, 54, 36]",52,34,1286,0.7391,1.2381,1.0,False,excluded_from_upright_scale_fit,"Posture/activity frame excluded from canonical upright fitting because lying, sitting, crouching, jumping, props, or furniture can legitimately alter visible dimensions.",characters/loko/detection_candidates/L212_row17_slot07.png
L-R17-C08,loko,SLEEP,drowsy_and_sleep,sleep_transition,"[2, 2, 49, 35]",47,33,1218,0.7174,1.119,1.0,False,excluded_from_upright_scale_fit,"Posture/activity frame excluded from canonical upright fitting because lying, sitting, crouching, jumping, props, or furniture can legitimately alter visible dimensions.",characters/loko/detection_candidates/L213_row17_slot08.png
L-R17-C09,loko,SLEEP,drowsy_and_sleep,sleep_transition,"[2, 2, 47, 33]",45,31,1091,0.6739,1.0714,1.0,False,excluded_from_upright_scale_fit,"Posture/activity frame excluded from canonical upright fitting because lying, sitting, crouching, jumping, props, or furniture can legitimately alter visible dimensions.",characters/loko/detection_candidates/L214_row17_slot09.png
